sample,pop,super_pop,gender,pop_filter
HG00096,GBR,EUR,male,GBR
HG00097,GBR,EUR,female,GBR
HG00099,GBR,EUR,female,GBR
HG00100,GBR,EUR,female,GBR
HG00101,GBR,EUR,male,GBR
HG00102,GBR,EUR,female,GBR
HG00103,GBR,EUR,male,GBR
HG00105,GBR,EUR,male,GBR
HG00106,GBR,EUR,female,GBR
HG00107,GBR,EUR,male,GBR
HG00108,GBR,EUR,male,GBR
HG00109,GBR,EUR,male,GBR
HG00110,GBR,EUR,female,GBR
HG00111,GBR,EUR,female,GBR
HG00112,GBR,EUR,male,GBR
HG00113,GBR,EUR,male,GBR
HG00114,GBR,EUR,male,GBR
HG00115,GBR,EUR,male,GBR
HG00116,GBR,EUR,male,GBR
HG00117,GBR,EUR,male,GBR
HG00118,GBR,EUR,female,GBR
HG00119,GBR,EUR,male,GBR
HG00120,GBR,EUR,female,GBR
HG00121,GBR,EUR,female,GBR
HG00122,GBR,EUR,female,GBR
HG00123,GBR,EUR,female,GBR
HG00125,GBR,EUR,female,GBR
HG00126,GBR,EUR,male,GBR
HG00127,GBR,EUR,female,GBR
HG00128,GBR,EUR,female,GBR
HG00129,GBR,EUR,male,GBR
HG00130,GBR,EUR,female,GBR
HG00131,GBR,EUR,male,GBR
HG00132,GBR,EUR,female,GBR
HG00133,GBR,EUR,female,GBR
HG00136,GBR,EUR,male,GBR
HG00137,GBR,EUR,female,GBR
HG00138,GBR,EUR,male,GBR
HG00139,GBR,EUR,male,GBR
HG00140,GBR,EUR,male,GBR
HG00141,GBR,EUR,male,GBR
HG00142,GBR,EUR,male,GBR
HG00143,GBR,EUR,male,GBR
HG00145,GBR,EUR,male,GBR
HG00146,GBR,EUR,female,GBR
HG00148,GBR,EUR,male,GBR
HG00149,GBR,EUR,male,GBR
HG00150,GBR,EUR,female,GBR
HG00151,GBR,EUR,male,GBR
HG00154,GBR,EUR,female,GBR
HG00155,GBR,EUR,male,GBR
HG00157,GBR,EUR,male,GBR
HG00158,GBR,EUR,female,GBR
HG00159,GBR,EUR,male,GBR
HG00160,GBR,EUR,male,GBR
HG00171,FIN,EUR,female,FIN
HG00173,FIN,EUR,female,FIN
HG00174,FIN,EUR,female,FIN
HG00176,FIN,EUR,female,FIN
HG00177,FIN,EUR,female,FIN
HG00178,FIN,EUR,female,FIN
HG00179,FIN,EUR,female,FIN
HG00180,FIN,EUR,female,FIN
HG00181,FIN,EUR,male,FIN
HG00182,FIN,EUR,male,FIN
HG00183,FIN,EUR,male,FIN
HG00185,FIN,EUR,male,FIN
HG00186,FIN,EUR,male,FIN
HG00187,FIN,EUR,male,FIN
HG00188,FIN,EUR,male,FIN
HG00189,FIN,EUR,male,FIN
HG00190,FIN,EUR,male,FIN
HG00231,GBR,EUR,female,GBR
HG00232,GBR,EUR,female,GBR
HG00233,GBR,EUR,female,GBR
HG00234,GBR,EUR,male,GBR
HG00235,GBR,EUR,female,GBR
HG00236,GBR,EUR,female,GBR
HG00237,GBR,EUR,female,GBR
HG00238,GBR,EUR,female,GBR
HG00239,GBR,EUR,female,GBR
HG00240,GBR,EUR,female,GBR
HG00242,GBR,EUR,male,GBR
HG00243,GBR,EUR,male,GBR
HG00244,GBR,EUR,male,GBR
HG00245,GBR,EUR,female,GBR
HG00246,GBR,EUR,male,GBR
HG00250,GBR,EUR,female,GBR
HG00251,GBR,EUR,male,GBR
HG00252,GBR,EUR,male,GBR
HG00253,GBR,EUR,female,GBR
HG00254,GBR,EUR,female,GBR
HG00255,GBR,EUR,female,GBR
HG00256,GBR,EUR,male,GBR
HG00257,GBR,EUR,female,GBR
HG00258,GBR,EUR,female,GBR
HG00259,GBR,EUR,female,GBR
HG00260,GBR,EUR,male,GBR
HG00261,GBR,EUR,female,GBR
HG00262,GBR,EUR,female,GBR
HG00263,GBR,EUR,female,GBR
HG00264,GBR,EUR,male,GBR
HG00265,GBR,EUR,male,GBR
HG00266,FIN,EUR,female,FIN
HG00267,FIN,EUR,male,FIN
HG00268,FIN,EUR,female,FIN
HG00269,FIN,EUR,female,FIN
HG00271,FIN,EUR,male,FIN
HG00272,FIN,EUR,female,FIN
HG00273,FIN,EUR,male,FIN
HG00274,FIN,EUR,female,FIN
HG00275,FIN,EUR,female,FIN
HG00276,FIN,EUR,female,FIN
HG00277,FIN,EUR,male,FIN
HG00278,FIN,EUR,male,FIN
HG00280,FIN,EUR,male,FIN
HG00281,FIN,EUR,female,FIN
HG00282,FIN,EUR,female,FIN
HG00284,FIN,EUR,male,FIN
HG00285,FIN,EUR,female,FIN
HG00288,FIN,EUR,female,FIN
HG00290,FIN,EUR,male,FIN
HG00304,FIN,EUR,female,FIN
HG00306,FIN,EUR,female,FIN
HG00308,FIN,EUR,male,FIN
HG00309,FIN,EUR,female,FIN
HG00310,FIN,EUR,male,FIN
HG00311,FIN,EUR,male,FIN
HG00313,FIN,EUR,female,FIN
HG00315,FIN,EUR,female,FIN
HG00318,FIN,EUR,female,FIN
HG00319,FIN,EUR,female,FIN
HG00320,FIN,EUR,female,FIN
HG00321,FIN,EUR,male,FIN
HG00323,FIN,EUR,female,FIN
HG00324,FIN,EUR,female,FIN
HG00325,FIN,EUR,male,FIN
HG00326,FIN,EUR,female,FIN
HG00327,FIN,EUR,female,FIN
HG00328,FIN,EUR,female,FIN
HG00329,FIN,EUR,male,FIN
HG00330,FIN,EUR,female,FIN
HG00331,FIN,EUR,female,FIN
HG00332,FIN,EUR,female,FIN
HG00334,FIN,EUR,female,FIN
HG00335,FIN,EUR,male,FIN
HG00336,FIN,EUR,male,FIN
HG00337,FIN,EUR,female,FIN
HG00338,FIN,EUR,male,FIN
HG00339,FIN,EUR,female,FIN
HG00341,FIN,EUR,male,FIN
HG00342,FIN,EUR,male,FIN
HG00343,FIN,EUR,female,FIN
HG00344,FIN,EUR,female,FIN
HG00345,FIN,EUR,male,FIN
HG00346,FIN,EUR,female,FIN
HG00349,FIN,EUR,female,FIN
HG00350,FIN,EUR,female,FIN
HG00351,FIN,EUR,male,FIN
HG00353,FIN,EUR,female,FIN
HG00355,FIN,EUR,female,FIN
HG00356,FIN,EUR,female,FIN
HG00357,FIN,EUR,female,FIN
HG00358,FIN,EUR,male,FIN
HG00360,FIN,EUR,male,FIN
HG00361,FIN,EUR,female,FIN
HG00362,FIN,EUR,female,FIN
HG00364,FIN,EUR,female,FIN
HG00365,FIN,EUR,female,FIN
HG00366,FIN,EUR,male,FIN
HG00367,FIN,EUR,female,FIN
HG00368,FIN,EUR,female,FIN
HG00369,FIN,EUR,male,FIN
HG00371,FIN,EUR,male,FIN
HG00372,FIN,EUR,male,FIN
HG00373,FIN,EUR,female,FIN
HG00375,FIN,EUR,male,FIN
HG00376,FIN,EUR,female,FIN
HG00378,FIN,EUR,female,FIN
HG00379,FIN,EUR,female,FIN
HG00380,FIN,EUR,female,FIN
HG00381,FIN,EUR,female,FIN
HG00382,FIN,EUR,male,FIN
HG00383,FIN,EUR,female,FIN
HG00384,FIN,EUR,female,FIN
HG00403,CHS,EAS,male,CHN
HG00404,CHS,EAS,female,CHN
HG00406,CHS,EAS,male,CHN
HG00407,CHS,EAS,female,CHN
HG00409,CHS,EAS,male,CHN
HG00410,CHS,EAS,female,CHN
HG00419,CHS,EAS,female,CHN
HG00421,CHS,EAS,male,CHN
HG00422,CHS,EAS,female,CHN
HG00428,CHS,EAS,female,CHN
HG00436,CHS,EAS,male,CHN
HG00437,CHS,EAS,female,CHN
HG00442,CHS,EAS,male,CHN
HG00443,CHS,EAS,female,CHN
HG00445,CHS,EAS,male,CHN
HG00446,CHS,EAS,female,CHN
HG00448,CHS,EAS,male,CHN
HG00449,CHS,EAS,female,CHN
HG00451,CHS,EAS,male,CHN
HG00452,CHS,EAS,female,CHN
HG00457,CHS,EAS,male,CHN
HG00458,CHS,EAS,female,CHN
HG00463,CHS,EAS,male,CHN
HG00464,CHS,EAS,female,CHN
HG00472,CHS,EAS,male,CHN
HG00473,CHS,EAS,female,CHN
HG00475,CHS,EAS,male,CHN
HG00476,CHS,EAS,female,CHN
HG00478,CHS,EAS,male,CHN
HG00479,CHS,EAS,female,CHN
HG00500,CHS,EAS,male,CHN
HG00513,CHS,EAS,female,CHN
HG00524,CHS,EAS,male,CHN
HG00525,CHS,EAS,female,CHN
HG00530,CHS,EAS,male,CHN
HG00531,CHS,EAS,female,CHN
HG00533,CHS,EAS,male,CHN
HG00534,CHS,EAS,female,CHN
HG00536,CHS,EAS,male,CHN
HG00537,CHS,EAS,female,CHN
HG00542,CHS,EAS,male,CHN
HG00543,CHS,EAS,female,CHN
HG00551,PUR,AMR,female,PUR
HG00553,PUR,AMR,male,PUR
HG00554,PUR,AMR,female,PUR
HG00556,CHS,EAS,male,CHN
HG00557,CHS,EAS,female,CHN
HG00559,CHS,EAS,male,CHN
HG00560,CHS,EAS,female,CHN
HG00565,CHS,EAS,male,CHN
HG00566,CHS,EAS,female,CHN
HG00580,CHS,EAS,male,CHN
HG00581,CHS,EAS,female,CHN
HG00583,CHS,EAS,male,CHN
HG00584,CHS,EAS,female,CHN
HG00589,CHS,EAS,male,CHN
HG00590,CHS,EAS,female,CHN
HG00592,CHS,EAS,male,CHN
HG00593,CHS,EAS,female,CHN
HG00595,CHS,EAS,male,CHN
HG00596,CHS,EAS,female,CHN
HG00598,CHS,EAS,male,CHN
HG00599,CHS,EAS,female,CHN
HG00607,CHS,EAS,male,CHN
HG00608,CHS,EAS,female,CHN
HG00610,CHS,EAS,male,CHN
HG00611,CHS,EAS,female,CHN
HG00613,CHS,EAS,male,CHN
HG00614,CHS,EAS,female,CHN
HG00619,CHS,EAS,male,CHN
HG00620,CHS,EAS,female,CHN
HG00622,CHS,EAS,male,CHN
HG00623,CHS,EAS,female,CHN
HG00625,CHS,EAS,male,CHN
HG00626,CHS,EAS,female,CHN
HG00628,CHS,EAS,male,CHN
HG00629,CHS,EAS,female,CHN
HG00631,CHS,EAS,male,CHN
HG00632,CHS,EAS,female,CHN
HG00634,CHS,EAS,male,CHN
HG00637,PUR,AMR,male,PUR
HG00638,PUR,AMR,female,PUR
HG00640,PUR,AMR,male,PUR
HG00641,PUR,AMR,female,PUR
HG00650,CHS,EAS,male,CHN
HG00651,CHS,EAS,female,CHN
HG00653,CHS,EAS,male,CHN
HG00654,CHS,EAS,female,CHN
HG00656,CHS,EAS,male,CHN
HG00657,CHS,EAS,female,CHN
HG00662,CHS,EAS,male,CHN
HG00663,CHS,EAS,female,CHN
HG00671,CHS,EAS,male,CHN
HG00672,CHS,EAS,female,CHN
HG00674,CHS,EAS,male,CHN
HG00675,CHS,EAS,female,CHN
HG00683,CHS,EAS,male,CHN
HG00684,CHS,EAS,female,CHN
HG00689,CHS,EAS,male,CHN
HG00690,CHS,EAS,female,CHN
HG00692,CHS,EAS,male,CHN
HG00693,CHS,EAS,female,CHN
HG00698,CHS,EAS,male,CHN
HG00699,CHS,EAS,female,CHN
HG00701,CHS,EAS,male,CHN
HG00704,CHS,EAS,male,CHN
HG00705,CHS,EAS,female,CHN
HG00707,CHS,EAS,male,CHN
HG00708,CHS,EAS,female,CHN
HG00717,CHS,EAS,female,CHN
HG00728,CHS,EAS,male,CHN
HG00729,CHS,EAS,female,CHN
HG00731,PUR,AMR,male,PUR
HG00732,PUR,AMR,female,PUR
HG00734,PUR,AMR,female,PUR
HG00736,PUR,AMR,male,PUR
HG00737,PUR,AMR,female,PUR
HG00739,PUR,AMR,male,PUR
HG00740,PUR,AMR,female,PUR
HG00742,PUR,AMR,male,PUR
HG00743,PUR,AMR,female,PUR
HG00759,CDX,EAS,female,CHN
HG00766,CDX,EAS,female,CHN
HG00844,CDX,EAS,male,CHN
HG00851,CDX,EAS,female,CHN
HG00864,CDX,EAS,female,CHN
HG00867,CDX,EAS,female,CHN
HG00879,CDX,EAS,female,CHN
HG00881,CDX,EAS,male,CHN
HG00956,CDX,EAS,female,CHN
HG00978,CDX,EAS,female,CHN
HG00982,CDX,EAS,male,CHN
HG01028,CDX,EAS,male,CHN
HG01029,CDX,EAS,female,CHN
HG01031,CDX,EAS,male,CHN
HG01046,CDX,EAS,female,CHN
HG01047,PUR,AMR,male,PUR
HG01048,PUR,AMR,male,PUR
HG01049,PUR,AMR,female,PUR
HG01051,PUR,AMR,male,PUR
HG01052,PUR,AMR,female,PUR
HG01054,PUR,AMR,male,PUR
HG01055,PUR,AMR,female,PUR
HG01058,PUR,AMR,female,PUR
HG01060,PUR,AMR,male,PUR
HG01061,PUR,AMR,female,PUR
HG01063,PUR,AMR,male,PUR
HG01064,PUR,AMR,female,PUR
HG01066,PUR,AMR,male,PUR
HG01067,PUR,AMR,female,PUR
HG01069,PUR,AMR,male,PUR
HG01070,PUR,AMR,female,PUR
HG01072,PUR,AMR,male,PUR
HG01073,PUR,AMR,female,PUR
HG01075,PUR,AMR,male,PUR
HG01077,PUR,AMR,female,PUR
HG01079,PUR,AMR,male,PUR
HG01080,PUR,AMR,female,PUR
HG01082,PUR,AMR,male,PUR
HG01083,PUR,AMR,female,PUR
HG01085,PUR,AMR,male,PUR
HG01086,PUR,AMR,female,PUR
HG01088,PUR,AMR,male,PUR
HG01089,PUR,AMR,female,PUR
HG01092,PUR,AMR,female,PUR
HG01094,PUR,AMR,male,PUR
HG01095,PUR,AMR,female,PUR
HG01097,PUR,AMR,male,PUR
HG01098,PUR,AMR,female,PUR
HG01101,PUR,AMR,male,PUR
HG01102,PUR,AMR,female,PUR
HG01104,PUR,AMR,male,PUR
HG01105,PUR,AMR,female,PUR
HG01107,PUR,AMR,male,PUR
HG01108,PUR,AMR,female,PUR
HG01110,PUR,AMR,male,PUR
HG01111,PUR,AMR,female,PUR
HG01112,CLM,AMR,male,CLM
HG01113,CLM,AMR,female,CLM
HG01119,CLM,AMR,female,CLM
HG01121,CLM,AMR,male,CLM
HG01122,CLM,AMR,female,CLM
HG01124,CLM,AMR,male,CLM
HG01125,CLM,AMR,female,CLM
HG01130,CLM,AMR,male,CLM
HG01131,CLM,AMR,female,CLM
HG01133,CLM,AMR,male,CLM
HG01134,CLM,AMR,female,CLM
HG01136,CLM,AMR,male,CLM
HG01137,CLM,AMR,female,CLM
HG01139,CLM,AMR,male,CLM
HG01140,CLM,AMR,female,CLM
HG01142,CLM,AMR,male,CLM
HG01148,CLM,AMR,male,CLM
HG01149,CLM,AMR,female,CLM
HG01161,PUR,AMR,male,PUR
HG01162,PUR,AMR,female,PUR
HG01164,PUR,AMR,male,PUR
HG01167,PUR,AMR,male,PUR
HG01168,PUR,AMR,female,PUR
HG01170,PUR,AMR,male,PUR
HG01171,PUR,AMR,female,PUR
HG01173,PUR,AMR,male,PUR
HG01174,PUR,AMR,female,PUR
HG01176,PUR,AMR,male,PUR
HG01177,PUR,AMR,female,PUR
HG01182,PUR,AMR,male,PUR
HG01183,PUR,AMR,female,PUR
HG01187,PUR,AMR,male,PUR
HG01188,PUR,AMR,female,PUR
HG01190,PUR,AMR,male,PUR
HG01191,PUR,AMR,female,PUR
HG01197,PUR,AMR,male,PUR
HG01198,PUR,AMR,female,PUR
HG01200,PUR,AMR,male,PUR
HG01204,PUR,AMR,male,PUR
HG01205,PUR,AMR,female,PUR
HG01241,PUR,AMR,male,PUR
HG01242,PUR,AMR,female,PUR
HG01247,PUR,AMR,male,PUR
HG01248,PUR,AMR,female,PUR
HG01250,CLM,AMR,male,CLM
HG01251,CLM,AMR,female,CLM
HG01253,CLM,AMR,male,CLM
HG01254,CLM,AMR,female,CLM
HG01256,CLM,AMR,male,CLM
HG01257,CLM,AMR,female,CLM
HG01259,CLM,AMR,male,CLM
HG01260,CLM,AMR,female,CLM
HG01269,CLM,AMR,female,CLM
HG01271,CLM,AMR,male,CLM
HG01272,CLM,AMR,female,CLM
HG01275,CLM,AMR,female,CLM
HG01277,CLM,AMR,male,CLM
HG01280,CLM,AMR,male,CLM
HG01281,CLM,AMR,female,CLM
HG01284,CLM,AMR,female,CLM
HG01286,PUR,AMR,male,PUR
HG01302,PUR,AMR,male,PUR
HG01303,PUR,AMR,female,PUR
HG01305,PUR,AMR,male,PUR
HG01308,PUR,AMR,male,PUR
HG01311,PUR,AMR,male,PUR
HG01312,PUR,AMR,female,PUR
HG01323,PUR,AMR,female,PUR
HG01325,PUR,AMR,male,PUR
HG01326,PUR,AMR,female,PUR
HG01334,GBR,EUR,male,GBR
HG01341,CLM,AMR,male,CLM
HG01342,CLM,AMR,female,CLM
HG01344,CLM,AMR,male,CLM
HG01345,CLM,AMR,female,CLM
HG01348,CLM,AMR,female,CLM
HG01350,CLM,AMR,male,CLM
HG01351,CLM,AMR,female,CLM
HG01353,CLM,AMR,male,CLM
HG01354,CLM,AMR,female,CLM
HG01356,CLM,AMR,male,CLM
HG01357,CLM,AMR,female,CLM
HG01359,CLM,AMR,male,CLM
HG01360,CLM,AMR,female,CLM
HG01362,CLM,AMR,male,CLM
HG01363,CLM,AMR,female,CLM
HG01365,CLM,AMR,male,CLM
HG01366,CLM,AMR,female,CLM
HG01369,CLM,AMR,female,CLM
HG01372,CLM,AMR,female,CLM
HG01374,CLM,AMR,male,CLM
HG01375,CLM,AMR,female,CLM
HG01377,CLM,AMR,male,CLM
HG01378,CLM,AMR,female,CLM
HG01383,CLM,AMR,male,CLM
HG01384,CLM,AMR,female,CLM
HG01389,CLM,AMR,male,CLM
HG01390,CLM,AMR,female,CLM
HG01392,PUR,AMR,male,PUR
HG01393,PUR,AMR,female,PUR
HG01395,PUR,AMR,male,PUR
HG01396,PUR,AMR,female,PUR
HG01398,PUR,AMR,male,PUR
HG01402,PUR,AMR,male,PUR
HG01403,PUR,AMR,female,PUR
HG01405,PUR,AMR,male,PUR
HG01412,PUR,AMR,male,PUR
HG01413,PUR,AMR,male,PUR
HG01414,PUR,AMR,female,PUR
HG01431,CLM,AMR,male,CLM
HG01432,CLM,AMR,female,CLM
HG01435,CLM,AMR,female,CLM
HG01437,CLM,AMR,male,CLM
HG01438,CLM,AMR,female,CLM
HG01440,CLM,AMR,male,CLM
HG01441,CLM,AMR,female,CLM
HG01443,CLM,AMR,male,CLM
HG01444,CLM,AMR,female,CLM
HG01447,CLM,AMR,female,CLM
HG01455,CLM,AMR,male,CLM
HG01456,CLM,AMR,female,CLM
HG01459,CLM,AMR,female,CLM
HG01461,CLM,AMR,male,CLM
HG01462,CLM,AMR,female,CLM
HG01464,CLM,AMR,male,CLM
HG01465,CLM,AMR,female,CLM
HG01468,CLM,AMR,female,CLM
HG01474,CLM,AMR,female,CLM
HG01479,CLM,AMR,male,CLM
HG01485,CLM,AMR,male,CLM
HG01486,CLM,AMR,female,CLM
HG01488,CLM,AMR,male,CLM
HG01489,CLM,AMR,female,CLM
HG01491,CLM,AMR,male,CLM
HG01492,CLM,AMR,female,CLM
HG01494,CLM,AMR,male,CLM
HG01495,CLM,AMR,female,CLM
HG01497,CLM,AMR,male,CLM
HG01498,CLM,AMR,female,CLM
HG01500,IBS,EUR,male,IBS
HG01501,IBS,EUR,female,IBS
HG01503,IBS,EUR,male,IBS
HG01504,IBS,EUR,female,IBS
HG01506,IBS,EUR,male,IBS
HG01507,IBS,EUR,female,IBS
HG01509,IBS,EUR,male,IBS
HG01510,IBS,EUR,female,IBS
HG01512,IBS,EUR,male,IBS
HG01513,IBS,EUR,female,IBS
HG01515,IBS,EUR,male,IBS
HG01516,IBS,EUR,female,IBS
HG01518,IBS,EUR,male,IBS
HG01519,IBS,EUR,female,IBS
HG01521,IBS,EUR,male,IBS
HG01522,IBS,EUR,female,IBS
HG01524,IBS,EUR,male,IBS
HG01525,IBS,EUR,female,IBS
HG01527,IBS,EUR,male,IBS
HG01528,IBS,EUR,female,IBS
HG01530,IBS,EUR,male,IBS
HG01531,IBS,EUR,female,IBS
HG01536,IBS,EUR,male,IBS
HG01537,IBS,EUR,female,IBS
HG01550,CLM,AMR,male,CLM
HG01551,CLM,AMR,female,CLM
HG01556,CLM,AMR,male,CLM
HG01565,PEL,AMR,male,PEL
HG01566,PEL,AMR,female,PEL
HG01571,PEL,AMR,male,PEL
HG01572,PEL,AMR,female,PEL
HG01577,PEL,AMR,male,PEL
HG01578,PEL,AMR,female,PEL
HG01583,PJL,SAS,male,PJL
HG01586,PJL,SAS,male,PJL
HG01589,PJL,SAS,male,PJL
HG01593,PJL,SAS,female,PJL
HG01595,KHV,EAS,female,KHV
HG01596,KHV,EAS,male,KHV
HG01597,KHV,EAS,female,KHV
HG01598,KHV,EAS,female,KHV
HG01599,KHV,EAS,female,KHV
HG01600,KHV,EAS,female,KHV
HG01602,IBS,EUR,female,IBS
HG01603,IBS,EUR,male,IBS
HG01605,IBS,EUR,female,IBS
HG01606,IBS,EUR,male,IBS
HG01607,IBS,EUR,female,IBS
HG01608,IBS,EUR,male,IBS
HG01610,IBS,EUR,male,IBS
HG01612,IBS,EUR,female,IBS
HG01613,IBS,EUR,female,IBS
HG01615,IBS,EUR,male,IBS
HG01617,IBS,EUR,male,IBS
HG01618,IBS,EUR,female,IBS
HG01619,IBS,EUR,male,IBS
HG01620,IBS,EUR,female,IBS
HG01623,IBS,EUR,female,IBS
HG01624,IBS,EUR,male,IBS
HG01625,IBS,EUR,male,IBS
HG01626,IBS,EUR,female,IBS
HG01628,IBS,EUR,female,IBS
HG01630,IBS,EUR,male,IBS
HG01631,IBS,EUR,male,IBS
HG01632,IBS,EUR,female,IBS
HG01668,IBS,EUR,female,IBS
HG01669,IBS,EUR,male,IBS
HG01670,IBS,EUR,female,IBS
HG01672,IBS,EUR,male,IBS
HG01673,IBS,EUR,female,IBS
HG01675,IBS,EUR,male,IBS
HG01676,IBS,EUR,female,IBS
HG01678,IBS,EUR,male,IBS
HG01679,IBS,EUR,female,IBS
HG01680,IBS,EUR,male,IBS
HG01682,IBS,EUR,male,IBS
HG01684,IBS,EUR,female,IBS
HG01685,IBS,EUR,female,IBS
HG01686,IBS,EUR,male,IBS
HG01694,IBS,EUR,male,IBS
HG01695,IBS,EUR,female,IBS
HG01697,IBS,EUR,female,IBS
HG01699,IBS,EUR,male,IBS
HG01700,IBS,EUR,male,IBS
HG01702,IBS,EUR,female,IBS
HG01704,IBS,EUR,female,IBS
HG01705,IBS,EUR,male,IBS
HG01707,IBS,EUR,female,IBS
HG01708,IBS,EUR,male,IBS
HG01709,IBS,EUR,male,IBS
HG01710,IBS,EUR,female,IBS
HG01746,IBS,EUR,female,IBS
HG01747,IBS,EUR,male,IBS
HG01756,IBS,EUR,male,IBS
HG01757,IBS,EUR,female,IBS
HG01761,IBS,EUR,male,IBS
HG01762,IBS,EUR,female,IBS
HG01765,IBS,EUR,male,IBS
HG01766,IBS,EUR,female,IBS
HG01767,IBS,EUR,male,IBS
HG01768,IBS,EUR,female,IBS
HG01770,IBS,EUR,female,IBS
HG01771,IBS,EUR,male,IBS
HG01773,IBS,EUR,female,IBS
HG01775,IBS,EUR,male,IBS
HG01776,IBS,EUR,female,IBS
HG01777,IBS,EUR,male,IBS
HG01779,IBS,EUR,female,IBS
HG01781,IBS,EUR,male,IBS
HG01783,IBS,EUR,male,IBS
HG01784,IBS,EUR,female,IBS
HG01785,IBS,EUR,male,IBS
HG01786,IBS,EUR,female,IBS
HG01789,GBR,EUR,male,GBR
HG01790,GBR,EUR,female,GBR
HG01791,GBR,EUR,male,GBR
HG01794,CDX,EAS,female,CHN
HG01795,CDX,EAS,female,CHN
HG01796,CDX,EAS,female,CHN
HG01797,CDX,EAS,female,CHN
HG01798,CDX,EAS,female,CHN
HG01799,CDX,EAS,female,CHN
HG01800,CDX,EAS,female,CHN
HG01801,CDX,EAS,female,CHN
HG01802,CDX,EAS,female,CHN
HG01804,CDX,EAS,female,CHN
HG01805,CDX,EAS,female,CHN
HG01806,CDX,EAS,female,CHN
HG01807,CDX,EAS,female,CHN
HG01808,CDX,EAS,female,CHN
HG01809,CDX,EAS,female,CHN
HG01810,CDX,EAS,male,CHN
HG01811,CDX,EAS,male,CHN
HG01812,CDX,EAS,female,CHN
HG01813,CDX,EAS,female,CHN
HG01815,CDX,EAS,female,CHN
HG01816,CDX,EAS,male,CHN
HG01817,CDX,EAS,female,CHN
HG01840,KHV,EAS,male,KHV
HG01841,KHV,EAS,female,KHV
HG01842,KHV,EAS,male,KHV
HG01843,KHV,EAS,female,KHV
HG01844,KHV,EAS,male,KHV
HG01845,KHV,EAS,female,KHV
HG01846,KHV,EAS,male,KHV
HG01847,KHV,EAS,female,KHV
HG01848,KHV,EAS,female,KHV
HG01849,KHV,EAS,male,KHV
HG01850,KHV,EAS,female,KHV
HG01851,KHV,EAS,female,KHV
HG01852,KHV,EAS,male,KHV
HG01853,KHV,EAS,female,KHV
HG01855,KHV,EAS,female,KHV
HG01857,KHV,EAS,female,KHV
HG01858,KHV,EAS,female,KHV
HG01859,KHV,EAS,female,KHV
HG01860,KHV,EAS,male,KHV
HG01861,KHV,EAS,male,KHV
HG01862,KHV,EAS,female,KHV
HG01863,KHV,EAS,female,KHV
HG01864,KHV,EAS,male,KHV
HG01865,KHV,EAS,male,KHV
HG01866,KHV,EAS,male,KHV
HG01867,KHV,EAS,male,KHV
HG01868,KHV,EAS,female,KHV
HG01869,KHV,EAS,female,KHV
HG01870,KHV,EAS,female,KHV
HG01871,KHV,EAS,female,KHV
HG01872,KHV,EAS,male,KHV
HG01873,KHV,EAS,male,KHV
HG01874,KHV,EAS,female,KHV
HG01878,KHV,EAS,female,KHV
HG01879,ACB,AFR,male,ACB
HG01880,ACB,AFR,female,ACB
HG01882,ACB,AFR,male,ACB
HG01883,ACB,AFR,female,ACB
HG01885,ACB,AFR,male,ACB
HG01886,ACB,AFR,female,ACB
HG01889,ACB,AFR,female,ACB
HG01890,ACB,AFR,male,ACB
HG01892,PEL,AMR,male,PEL
HG01893,PEL,AMR,female,PEL
HG01894,ACB,AFR,female,ACB
HG01896,ACB,AFR,female,ACB
HG01912,ACB,AFR,male,ACB
HG01914,ACB,AFR,male,ACB
HG01915,ACB,AFR,female,ACB
HG01917,PEL,AMR,male,PEL
HG01918,PEL,AMR,female,PEL
HG01920,PEL,AMR,male,PEL
HG01921,PEL,AMR,female,PEL
HG01923,PEL,AMR,male,PEL
HG01924,PEL,AMR,female,PEL
HG01926,PEL,AMR,male,PEL
HG01927,PEL,AMR,female,PEL
HG01932,PEL,AMR,male,PEL
HG01933,PEL,AMR,female,PEL
HG01935,PEL,AMR,male,PEL
HG01936,PEL,AMR,female,PEL
HG01938,PEL,AMR,male,PEL
HG01939,PEL,AMR,female,PEL
HG01941,PEL,AMR,male,PEL
HG01942,PEL,AMR,female,PEL
HG01944,PEL,AMR,male,PEL
HG01945,PEL,AMR,female,PEL
HG01947,PEL,AMR,male,PEL
HG01948,PEL,AMR,female,PEL
HG01950,PEL,AMR,male,PEL
HG01951,PEL,AMR,female,PEL
HG01953,PEL,AMR,male,PEL
HG01954,PEL,AMR,female,PEL
HG01956,ACB,AFR,female,ACB
HG01958,ACB,AFR,female,ACB
HG01961,PEL,AMR,male,PEL
HG01965,PEL,AMR,female,PEL
HG01967,PEL,AMR,male,PEL
HG01968,PEL,AMR,female,PEL
HG01970,PEL,AMR,male,PEL
HG01971,PEL,AMR,female,PEL
HG01973,PEL,AMR,female,PEL
HG01974,PEL,AMR,male,PEL
HG01976,PEL,AMR,female,PEL
HG01977,PEL,AMR,male,PEL
HG01979,PEL,AMR,male,PEL
HG01980,PEL,AMR,female,PEL
HG01982,PEL,AMR,male,PEL
HG01985,ACB,AFR,female,ACB
HG01986,ACB,AFR,male,ACB
HG01988,ACB,AFR,male,ACB
HG01989,ACB,AFR,female,ACB
HG01990,ACB,AFR,male,ACB
HG01991,PEL,AMR,male,PEL
HG01992,PEL,AMR,female,PEL
HG01997,PEL,AMR,female,PEL
HG02002,PEL,AMR,male,PEL
HG02003,PEL,AMR,female,PEL
HG02006,PEL,AMR,female,PEL
HG02008,PEL,AMR,male,PEL
HG02009,ACB,AFR,male,ACB
HG02010,ACB,AFR,female,ACB
HG02012,ACB,AFR,female,ACB
HG02013,ACB,AFR,male,ACB
HG02014,ACB,AFR,male,ACB
HG02016,KHV,EAS,female,KHV
HG02017,KHV,EAS,male,KHV
HG02019,KHV,EAS,female,KHV
HG02020,KHV,EAS,male,KHV
HG02023,KHV,EAS,male,KHV
HG02025,KHV,EAS,female,KHV
HG02026,KHV,EAS,male,KHV
HG02028,KHV,EAS,female,KHV
HG02029,KHV,EAS,male,KHV
HG02031,KHV,EAS,female,KHV
HG02032,KHV,EAS,male,KHV
HG02035,KHV,EAS,male,KHV
HG02040,KHV,EAS,male,KHV
HG02047,KHV,EAS,male,KHV
HG02048,KHV,EAS,female,KHV
HG02049,KHV,EAS,female,KHV
HG02050,KHV,EAS,male,KHV
HG02051,ACB,AFR,male,ACB
HG02052,ACB,AFR,female,ACB
HG02053,ACB,AFR,male,ACB
HG02054,ACB,AFR,female,ACB
HG02057,KHV,EAS,female,KHV
HG02058,KHV,EAS,male,KHV
HG02060,KHV,EAS,female,KHV
HG02061,KHV,EAS,male,KHV
HG02064,KHV,EAS,male,KHV
HG02067,KHV,EAS,male,KHV
HG02069,KHV,EAS,female,KHV
HG02070,KHV,EAS,male,KHV
HG02072,KHV,EAS,female,KHV
HG02073,KHV,EAS,male,KHV
HG02075,KHV,EAS,female,KHV
HG02076,KHV,EAS,male,KHV
HG02078,KHV,EAS,female,KHV
HG02079,KHV,EAS,male,KHV
HG02081,KHV,EAS,female,KHV
HG02082,KHV,EAS,male,KHV
HG02084,KHV,EAS,female,KHV
HG02085,KHV,EAS,male,KHV
HG02086,KHV,EAS,female,KHV
HG02087,KHV,EAS,female,KHV
HG02088,KHV,EAS,male,KHV
HG02089,PEL,AMR,female,PEL
HG02090,PEL,AMR,male,PEL
HG02095,ACB,AFR,female,ACB
HG02102,PEL,AMR,female,PEL
HG02104,PEL,AMR,male,PEL
HG02105,PEL,AMR,female,PEL
HG02107,ACB,AFR,male,ACB
HG02108,ACB,AFR,female,ACB
HG02111,ACB,AFR,female,ACB
HG02113,KHV,EAS,female,KHV
HG02116,KHV,EAS,male,KHV
HG02121,KHV,EAS,female,KHV
HG02122,KHV,EAS,male,KHV
HG02127,KHV,EAS,female,KHV
HG02128,KHV,EAS,male,KHV
HG02130,KHV,EAS,female,KHV
HG02131,KHV,EAS,male,KHV
HG02133,KHV,EAS,female,KHV
HG02134,KHV,EAS,male,KHV
HG02136,KHV,EAS,female,KHV
HG02137,KHV,EAS,male,KHV
HG02138,KHV,EAS,male,KHV
HG02139,KHV,EAS,female,KHV
HG02140,KHV,EAS,female,KHV
HG02141,KHV,EAS,male,KHV
HG02142,KHV,EAS,female,KHV
HG02143,ACB,AFR,male,ACB
HG02144,ACB,AFR,female,ACB
HG02146,PEL,AMR,male,PEL
HG02147,PEL,AMR,female,PEL
HG02150,PEL,AMR,male,PEL
HG02151,CDX,EAS,female,CHN
HG02152,CDX,EAS,female,CHN
HG02153,CDX,EAS,female,CHN
HG02154,CDX,EAS,female,CHN
HG02155,CDX,EAS,female,CHN
HG02156,CDX,EAS,female,CHN
HG02164,CDX,EAS,female,CHN
HG02165,CDX,EAS,female,CHN
HG02166,CDX,EAS,female,CHN
HG02178,CDX,EAS,female,CHN
HG02179,CDX,EAS,female,CHN
HG02180,CDX,EAS,female,CHN
HG02181,CDX,EAS,female,CHN
HG02182,CDX,EAS,female,CHN
HG02184,CDX,EAS,female,CHN
HG02185,CDX,EAS,female,CHN
HG02186,CDX,EAS,female,CHN
HG02187,CDX,EAS,female,CHN
HG02188,CDX,EAS,female,CHN
HG02190,CDX,EAS,female,CHN
HG02215,GBR,EUR,female,GBR
HG02219,IBS,EUR,male,IBS
HG02220,IBS,EUR,female,IBS
HG02221,IBS,EUR,male,IBS
HG02223,IBS,EUR,female,IBS
HG02224,IBS,EUR,male,IBS
HG02230,IBS,EUR,female,IBS
HG02231,IBS,EUR,male,IBS
HG02232,IBS,EUR,female,IBS
HG02233,IBS,EUR,male,IBS
HG02235,IBS,EUR,female,IBS
HG02236,IBS,EUR,male,IBS
HG02238,IBS,EUR,male,IBS
HG02239,IBS,EUR,female,IBS
HG02250,CDX,EAS,male,CHN
HG02252,PEL,AMR,female,PEL
HG02253,PEL,AMR,male,PEL
HG02255,ACB,AFR,male,ACB
HG02256,ACB,AFR,female,ACB
HG02259,PEL,AMR,male,PEL
HG02260,PEL,AMR,female,PEL
HG02262,PEL,AMR,male,PEL
HG02265,PEL,AMR,male,PEL
HG02266,PEL,AMR,female,PEL
HG02271,PEL,AMR,male,PEL
HG02272,PEL,AMR,female,PEL
HG02274,PEL,AMR,male,PEL
HG02275,PEL,AMR,female,PEL
HG02277,PEL,AMR,male,PEL
HG02278,PEL,AMR,female,PEL
HG02281,ACB,AFR,male,ACB
HG02282,ACB,AFR,female,ACB
HG02283,ACB,AFR,male,ACB
HG02284,ACB,AFR,male,ACB
HG02285,PEL,AMR,male,PEL
HG02286,PEL,AMR,female,PEL
HG02291,PEL,AMR,male,PEL
HG02292,PEL,AMR,female,PEL
HG02298,PEL,AMR,female,PEL
HG02299,PEL,AMR,male,PEL
HG02301,PEL,AMR,female,PEL
HG02304,PEL,AMR,male,PEL
HG02307,ACB,AFR,male,ACB
HG02308,ACB,AFR,female,ACB
HG02309,ACB,AFR,female,ACB
HG02312,PEL,AMR,female,PEL
HG02314,ACB,AFR,male,ACB
HG02315,ACB,AFR,female,ACB
HG02317,ACB,AFR,male,ACB
HG02318,ACB,AFR,female,ACB
HG02322,ACB,AFR,female,ACB
HG02323,ACB,AFR,male,ACB
HG02325,ACB,AFR,female,ACB
HG02330,ACB,AFR,male,ACB
HG02332,ACB,AFR,male,ACB
HG02334,ACB,AFR,male,ACB
HG02337,ACB,AFR,female,ACB
HG02339,ACB,AFR,female,ACB
HG02343,ACB,AFR,male,ACB
HG02345,PEL,AMR,female,PEL
HG02348,PEL,AMR,female,PEL
HG02351,CDX,EAS,male,CHN
HG02353,CDX,EAS,male,CHN
HG02355,CDX,EAS,male,CHN
HG02356,CDX,EAS,male,CHN
HG02360,CDX,EAS,male,CHN
HG02364,CDX,EAS,male,CHN
HG02367,CDX,EAS,male,CHN
HG02371,CDX,EAS,male,CHN
HG02373,CDX,EAS,male,CHN
HG02374,CDX,EAS,male,CHN
HG02375,CDX,EAS,male,CHN
HG02379,CDX,EAS,male,CHN
HG02380,CDX,EAS,male,CHN
HG02382,CDX,EAS,male,CHN
HG02383,CDX,EAS,male,CHN
HG02384,CDX,EAS,male,CHN
HG02385,CDX,EAS,male,CHN
HG02386,CDX,EAS,male,CHN
HG02389,CDX,EAS,male,CHN
HG02390,CDX,EAS,male,CHN
HG02391,CDX,EAS,male,CHN
HG02392,CDX,EAS,male,CHN
HG02394,CDX,EAS,male,CHN
HG02395,CDX,EAS,male,CHN
HG02396,CDX,EAS,male,CHN
HG02397,CDX,EAS,male,CHN
HG02398,CDX,EAS,male,CHN
HG02399,CDX,EAS,male,CHN
HG02401,CDX,EAS,male,CHN
HG02402,CDX,EAS,male,CHN
HG02406,CDX,EAS,male,CHN
HG02407,CDX,EAS,male,CHN
HG02408,CDX,EAS,male,CHN
HG02409,CDX,EAS,male,CHN
HG02410,CDX,EAS,male,CHN
HG02419,ACB,AFR,female,ACB
HG02420,ACB,AFR,male,ACB
HG02425,PEL,AMR,female,PEL
HG02427,ACB,AFR,female,ACB
HG02429,ACB,AFR,male,ACB
HG02433,ACB,AFR,male,ACB
HG02439,ACB,AFR,male,ACB
HG02442,ACB,AFR,male,ACB
HG02445,ACB,AFR,male,ACB
HG02449,ACB,AFR,male,ACB
HG02450,ACB,AFR,female,ACB
HG02455,ACB,AFR,male,ACB
HG02461,GWD,AFR,male,GWD
HG02462,GWD,AFR,female,GWD
HG02464,GWD,AFR,male,GWD
HG02465,GWD,AFR,female,GWD
HG02470,ACB,AFR,male,ACB
HG02471,ACB,AFR,female,ACB
HG02476,ACB,AFR,female,ACB
HG02477,ACB,AFR,female,ACB
HG02479,ACB,AFR,female,ACB
HG02481,ACB,AFR,male,ACB
HG02484,ACB,AFR,male,ACB
HG02485,ACB,AFR,female,ACB
HG02489,ACB,AFR,male,ACB
HG02490,PJL,SAS,male,PJL
HG02491,PJL,SAS,female,PJL
HG02493,PJL,SAS,male,PJL
HG02494,PJL,SAS,female,PJL
HG02496,ACB,AFR,male,ACB
HG02497,ACB,AFR,female,ACB
HG02501,ACB,AFR,male,ACB
HG02502,ACB,AFR,female,ACB
HG02505,ACB,AFR,female,ACB
HG02508,ACB,AFR,female,ACB
HG02511,ACB,AFR,female,ACB
HG02512,KHV,EAS,male,KHV
HG02513,KHV,EAS,female,KHV
HG02521,KHV,EAS,male,KHV
HG02522,KHV,EAS,female,KHV
HG02536,ACB,AFR,male,ACB
HG02537,ACB,AFR,female,ACB
HG02541,ACB,AFR,male,ACB
HG02545,ACB,AFR,male,ACB
HG02546,ACB,AFR,female,ACB
HG02549,ACB,AFR,female,ACB
HG02554,ACB,AFR,male,ACB
HG02555,ACB,AFR,female,ACB
HG02557,ACB,AFR,male,ACB
HG02558,ACB,AFR,female,ACB
HG02561,GWD,AFR,male,GWD
HG02562,GWD,AFR,female,GWD
HG02568,GWD,AFR,female,GWD
HG02570,GWD,AFR,male,GWD
HG02571,GWD,AFR,female,GWD
HG02573,GWD,AFR,male,GWD
HG02574,GWD,AFR,female,GWD
HG02577,ACB,AFR,female,ACB
HG02580,ACB,AFR,female,ACB
HG02582,GWD,AFR,male,GWD
HG02583,GWD,AFR,female,GWD
HG02585,GWD,AFR,male,GWD
HG02586,GWD,AFR,female,GWD
HG02588,GWD,AFR,male,GWD
HG02589,GWD,AFR,female,GWD
HG02594,GWD,AFR,male,GWD
HG02595,GWD,AFR,female,GWD
HG02597,PJL,SAS,male,PJL
HG02600,PJL,SAS,male,PJL
HG02601,PJL,SAS,female,PJL
HG02603,PJL,SAS,male,PJL
HG02604,PJL,SAS,female,PJL
HG02610,GWD,AFR,male,GWD
HG02611,GWD,AFR,female,GWD
HG02613,GWD,AFR,male,GWD
HG02614,GWD,AFR,female,GWD
HG02620,GWD,AFR,male,GWD
HG02621,GWD,AFR,female,GWD
HG02623,GWD,AFR,male,GWD
HG02624,GWD,AFR,female,GWD
HG02628,GWD,AFR,male,GWD
HG02629,GWD,AFR,female,GWD
HG02634,GWD,AFR,male,GWD
HG02635,GWD,AFR,female,GWD
HG02642,GWD,AFR,male,GWD
HG02643,GWD,AFR,female,GWD
HG02645,GWD,AFR,male,GWD
HG02646,GWD,AFR,female,GWD
HG02648,PJL,SAS,male,PJL
HG02649,PJL,SAS,female,PJL
HG02651,PJL,SAS,male,PJL
HG02652,PJL,SAS,female,PJL
HG02654,PJL,SAS,male,PJL
HG02655,PJL,SAS,female,PJL
HG02657,PJL,SAS,male,PJL
HG02658,PJL,SAS,female,PJL
HG02660,PJL,SAS,male,PJL
HG02661,PJL,SAS,female,PJL
HG02666,GWD,AFR,male,GWD
HG02667,GWD,AFR,female,GWD
HG02675,GWD,AFR,male,GWD
HG02676,GWD,AFR,female,GWD
HG02678,GWD,AFR,male,GWD
HG02679,GWD,AFR,female,GWD
HG02681,PJL,SAS,male,PJL
HG02682,PJL,SAS,female,PJL
HG02684,PJL,SAS,male,PJL
HG02685,PJL,SAS,female,PJL
HG02687,PJL,SAS,male,PJL
HG02688,PJL,SAS,female,PJL
HG02690,PJL,SAS,male,PJL
HG02691,PJL,SAS,female,PJL
HG02694,PJL,SAS,female,PJL
HG02696,PJL,SAS,male,PJL
HG02697,PJL,SAS,female,PJL
HG02699,PJL,SAS,male,PJL
HG02700,PJL,SAS,female,PJL
HG02702,GWD,AFR,male,GWD
HG02703,GWD,AFR,female,GWD
HG02715,GWD,AFR,male,GWD
HG02716,GWD,AFR,female,GWD
HG02721,GWD,AFR,male,GWD
HG02722,GWD,AFR,female,GWD
HG02724,PJL,SAS,male,PJL
HG02725,PJL,SAS,female,PJL
HG02727,PJL,SAS,male,PJL
HG02728,PJL,SAS,female,PJL
HG02731,PJL,SAS,female,PJL
HG02733,PJL,SAS,male,PJL
HG02734,PJL,SAS,female,PJL
HG02736,PJL,SAS,male,PJL
HG02737,PJL,SAS,female,PJL
HG02756,GWD,AFR,male,GWD
HG02757,GWD,AFR,female,GWD
HG02759,GWD,AFR,male,GWD
HG02760,GWD,AFR,female,GWD
HG02763,GWD,AFR,female,GWD
HG02768,GWD,AFR,male,GWD
HG02769,GWD,AFR,female,GWD
HG02771,GWD,AFR,male,GWD
HG02772,GWD,AFR,female,GWD
HG02774,PJL,SAS,male,PJL
HG02775,PJL,SAS,female,PJL
HG02778,PJL,SAS,female,PJL
HG02780,PJL,SAS,male,PJL
HG02783,PJL,SAS,male,PJL
HG02784,PJL,SAS,female,PJL
HG02786,PJL,SAS,male,PJL
HG02787,PJL,SAS,female,PJL
HG02789,PJL,SAS,male,PJL
HG02790,PJL,SAS,female,PJL
HG02792,PJL,SAS,male,PJL
HG02793,PJL,SAS,female,PJL
HG02798,GWD,AFR,male,GWD
HG02799,GWD,AFR,female,GWD
HG02804,GWD,AFR,male,GWD
HG02805,GWD,AFR,female,GWD
HG02807,GWD,AFR,male,GWD
HG02808,GWD,AFR,female,GWD
HG02810,GWD,AFR,male,GWD
HG02811,GWD,AFR,female,GWD
HG02813,GWD,AFR,male,GWD
HG02814,GWD,AFR,female,GWD
HG02816,GWD,AFR,male,GWD
HG02817,GWD,AFR,female,GWD
HG02819,GWD,AFR,male,GWD
HG02820,GWD,AFR,female,GWD
HG02836,GWD,AFR,male,GWD
HG02837,GWD,AFR,female,GWD
HG02839,GWD,AFR,male,GWD
HG02840,GWD,AFR,female,GWD
HG02851,GWD,AFR,male,GWD
HG02852,GWD,AFR,female,GWD
HG02854,GWD,AFR,male,GWD
HG02855,GWD,AFR,female,GWD
HG02860,GWD,AFR,male,GWD
HG02861,GWD,AFR,female,GWD
HG02870,GWD,AFR,female,GWD
HG02878,GWD,AFR,male,GWD
HG02879,GWD,AFR,female,GWD
HG02881,GWD,AFR,male,GWD
HG02882,GWD,AFR,female,GWD
HG02884,GWD,AFR,male,GWD
HG02885,GWD,AFR,female,GWD
HG02887,GWD,AFR,male,GWD
HG02888,GWD,AFR,female,GWD
HG02890,GWD,AFR,male,GWD
HG02891,GWD,AFR,female,GWD
HG02895,GWD,AFR,male,GWD
HG02896,GWD,AFR,female,GWD
HG02922,ESN,AFR,female,YEN
HG02923,ESN,AFR,male,YEN
HG02938,ESN,AFR,male,YEN
HG02941,ESN,AFR,male,YEN
HG02943,ESN,AFR,female,YEN
HG02944,ESN,AFR,male,YEN
HG02946,ESN,AFR,female,YEN
HG02947,ESN,AFR,male,YEN
HG02952,ESN,AFR,female,YEN
HG02953,ESN,AFR,male,YEN
HG02968,ESN,AFR,male,YEN
HG02970,ESN,AFR,female,YEN
HG02971,ESN,AFR,male,YEN
HG02973,ESN,AFR,male,YEN
HG02974,ESN,AFR,female,YEN
HG02976,ESN,AFR,female,YEN
HG02977,ESN,AFR,male,YEN
HG02979,ESN,AFR,female,YEN
HG02981,ESN,AFR,male,YEN
HG02982,GWD,AFR,male,GWD
HG02983,GWD,AFR,female,GWD
HG03006,BEB,SAS,male,BEB
HG03007,BEB,SAS,female,BEB
HG03009,BEB,SAS,male,BEB
HG03012,BEB,SAS,male,BEB
HG03015,PJL,SAS,male,PJL
HG03016,PJL,SAS,female,PJL
HG03018,PJL,SAS,male,PJL
HG03019,PJL,SAS,female,PJL
HG03021,PJL,SAS,male,PJL
HG03022,PJL,SAS,female,PJL
HG03024,GWD,AFR,male,GWD
HG03025,GWD,AFR,female,GWD
HG03027,GWD,AFR,male,GWD
HG03028,GWD,AFR,female,GWD
HG03039,GWD,AFR,male,GWD
HG03040,GWD,AFR,female,GWD
HG03045,GWD,AFR,male,GWD
HG03046,GWD,AFR,female,GWD
HG03048,GWD,AFR,male,GWD
HG03049,GWD,AFR,female,GWD
HG03052,MSL,AFR,female,MSL
HG03054,MSL,AFR,male,MSL
HG03055,MSL,AFR,female,MSL
HG03057,MSL,AFR,male,MSL
HG03058,MSL,AFR,female,MSL
HG03060,MSL,AFR,male,MSL
HG03061,MSL,AFR,female,MSL
HG03063,MSL,AFR,male,MSL
HG03064,MSL,AFR,female,MSL
HG03066,MSL,AFR,male,MSL
HG03069,MSL,AFR,male,MSL
HG03072,MSL,AFR,male,MSL
HG03073,MSL,AFR,female,MSL
HG03074,MSL,AFR,male,MSL
HG03077,MSL,AFR,male,MSL
HG03078,MSL,AFR,male,MSL
HG03079,MSL,AFR,female,MSL
HG03081,MSL,AFR,male,MSL
HG03082,MSL,AFR,female,MSL
HG03084,MSL,AFR,male,MSL
HG03085,MSL,AFR,female,MSL
HG03086,MSL,AFR,female,MSL
HG03088,MSL,AFR,female,MSL
HG03091,MSL,AFR,female,MSL
HG03095,MSL,AFR,female,MSL
HG03096,MSL,AFR,male,MSL
HG03097,MSL,AFR,female,MSL
HG03099,ESN,AFR,female,YEN
HG03100,ESN,AFR,male,YEN
HG03103,ESN,AFR,male,YEN
HG03105,ESN,AFR,female,YEN
HG03108,ESN,AFR,female,YEN
HG03109,ESN,AFR,male,YEN
HG03111,ESN,AFR,female,YEN
HG03112,ESN,AFR,male,YEN
HG03114,ESN,AFR,female,YEN
HG03115,ESN,AFR,male,YEN
HG03117,ESN,AFR,female,YEN
HG03118,ESN,AFR,male,YEN
HG03120,ESN,AFR,male,YEN
HG03121,ESN,AFR,female,YEN
HG03123,ESN,AFR,female,YEN
HG03124,ESN,AFR,male,YEN
HG03126,ESN,AFR,female,YEN
HG03127,ESN,AFR,male,YEN
HG03129,ESN,AFR,female,YEN
HG03130,ESN,AFR,male,YEN
HG03132,ESN,AFR,female,YEN
HG03133,ESN,AFR,male,YEN
HG03135,ESN,AFR,female,YEN
HG03136,ESN,AFR,male,YEN
HG03139,ESN,AFR,male,YEN
HG03157,ESN,AFR,male,YEN
HG03159,ESN,AFR,female,YEN
HG03160,ESN,AFR,male,YEN
HG03162,ESN,AFR,female,YEN
HG03163,ESN,AFR,male,YEN
HG03166,ESN,AFR,male,YEN
HG03168,ESN,AFR,female,YEN
HG03169,ESN,AFR,male,YEN
HG03172,ESN,AFR,male,YEN
HG03175,ESN,AFR,male,YEN
HG03189,ESN,AFR,female,YEN
HG03190,ESN,AFR,male,YEN
HG03193,ESN,AFR,male,YEN
HG03195,ESN,AFR,female,YEN
HG03196,ESN,AFR,male,YEN
HG03198,ESN,AFR,female,YEN
HG03199,ESN,AFR,male,YEN
HG03202,ESN,AFR,male,YEN
HG03209,MSL,AFR,male,MSL
HG03212,MSL,AFR,female,MSL
HG03224,MSL,AFR,male,MSL
HG03225,MSL,AFR,male,MSL
HG03228,PJL,SAS,male,PJL
HG03229,PJL,SAS,female,PJL
HG03234,PJL,SAS,male,PJL
HG03235,PJL,SAS,female,PJL
HG03237,PJL,SAS,male,PJL
HG03238,PJL,SAS,female,PJL
HG03240,GWD,AFR,male,GWD
HG03241,GWD,AFR,female,GWD
HG03246,GWD,AFR,male,GWD
HG03247,GWD,AFR,female,GWD
HG03258,GWD,AFR,male,GWD
HG03259,GWD,AFR,female,GWD
HG03265,ESN,AFR,male,YEN
HG03267,ESN,AFR,female,YEN
HG03268,ESN,AFR,male,YEN
HG03270,ESN,AFR,female,YEN
HG03271,ESN,AFR,male,YEN
HG03279,ESN,AFR,female,YEN
HG03280,ESN,AFR,male,YEN
HG03291,ESN,AFR,female,YEN
HG03294,ESN,AFR,female,YEN
HG03295,ESN,AFR,male,YEN
HG03297,ESN,AFR,female,YEN
HG03298,ESN,AFR,male,YEN
HG03300,ESN,AFR,female,YEN
HG03301,ESN,AFR,male,YEN
HG03303,ESN,AFR,female,YEN
HG03304,ESN,AFR,male,YEN
HG03311,ESN,AFR,male,YEN
HG03313,ESN,AFR,male,YEN
HG03342,ESN,AFR,female,YEN
HG03343,ESN,AFR,male,YEN
HG03351,ESN,AFR,female,YEN
HG03352,ESN,AFR,male,YEN
HG03354,ESN,AFR,female,YEN
HG03363,ESN,AFR,female,YEN
HG03366,ESN,AFR,female,YEN
HG03367,ESN,AFR,male,YEN
HG03369,ESN,AFR,female,YEN
HG03370,ESN,AFR,male,YEN
HG03372,ESN,AFR,female,YEN
HG03376,MSL,AFR,male,MSL
HG03378,MSL,AFR,female,MSL
HG03380,MSL,AFR,female,MSL
HG03382,MSL,AFR,male,MSL
HG03385,MSL,AFR,male,MSL
HG03388,MSL,AFR,male,MSL
HG03391,MSL,AFR,male,MSL
HG03394,MSL,AFR,male,MSL
HG03397,MSL,AFR,male,MSL
HG03401,MSL,AFR,female,MSL
HG03410,MSL,AFR,female,MSL
HG03419,MSL,AFR,female,MSL
HG03428,MSL,AFR,female,MSL
HG03432,MSL,AFR,male,MSL
HG03433,MSL,AFR,male,MSL
HG03436,MSL,AFR,male,MSL
HG03437,MSL,AFR,female,MSL
HG03439,MSL,AFR,male,MSL
HG03442,MSL,AFR,male,MSL
HG03445,MSL,AFR,male,MSL
HG03446,MSL,AFR,female,MSL
HG03449,MSL,AFR,female,MSL
HG03451,MSL,AFR,male,MSL
HG03452,MSL,AFR,female,MSL
HG03455,MSL,AFR,female,MSL
HG03457,MSL,AFR,male,MSL
HG03458,MSL,AFR,female,MSL
HG03460,MSL,AFR,male,MSL
HG03461,MSL,AFR,female,MSL
HG03464,MSL,AFR,female,MSL
HG03469,MSL,AFR,male,MSL
HG03470,MSL,AFR,female,MSL
HG03472,MSL,AFR,male,MSL
HG03473,MSL,AFR,female,MSL
HG03476,MSL,AFR,female,MSL
HG03478,MSL,AFR,male,MSL
HG03479,MSL,AFR,female,MSL
HG03484,MSL,AFR,male,MSL
HG03485,MSL,AFR,female,MSL
HG03488,PJL,SAS,female,PJL
HG03490,PJL,SAS,male,PJL
HG03491,PJL,SAS,female,PJL
HG03499,ESN,AFR,female,YEN
HG03511,ESN,AFR,female,YEN
HG03514,ESN,AFR,female,YEN
HG03515,ESN,AFR,male,YEN
HG03517,ESN,AFR,female,YEN
HG03518,ESN,AFR,male,YEN
HG03520,ESN,AFR,female,YEN
HG03521,ESN,AFR,male,YEN
HG03538,GWD,AFR,male,GWD
HG03539,GWD,AFR,female,GWD
HG03547,MSL,AFR,male,MSL
HG03548,MSL,AFR,female,MSL
HG03556,MSL,AFR,male,MSL
HG03557,MSL,AFR,female,MSL
HG03558,MSL,AFR,female,MSL
HG03559,MSL,AFR,male,MSL
HG03563,MSL,AFR,female,MSL
HG03565,MSL,AFR,male,MSL
HG03567,MSL,AFR,female,MSL
HG03571,MSL,AFR,male,MSL
HG03572,MSL,AFR,female,MSL
HG03575,MSL,AFR,female,MSL
HG03577,MSL,AFR,male,MSL
HG03578,MSL,AFR,female,MSL
HG03583,MSL,AFR,female,MSL
HG03585,BEB,SAS,male,BEB
HG03589,BEB,SAS,female,BEB
HG03593,BEB,SAS,male,BEB
HG03594,BEB,SAS,male,BEB
HG03595,BEB,SAS,female,BEB
HG03598,BEB,SAS,female,BEB
HG03600,BEB,SAS,male,BEB
HG03603,BEB,SAS,male,BEB
HG03604,BEB,SAS,female,BEB
HG03607,BEB,SAS,female,BEB
HG03611,BEB,SAS,female,BEB
HG03615,BEB,SAS,male,BEB
HG03616,BEB,SAS,female,BEB
HG03619,PJL,SAS,female,PJL
HG03624,PJL,SAS,male,PJL
HG03625,PJL,SAS,female,PJL
HG03629,PJL,SAS,male,PJL
HG03631,PJL,SAS,female,PJL
HG03634,PJL,SAS,female,PJL
HG03636,PJL,SAS,male,PJL
HG03640,PJL,SAS,female,PJL
HG03642,STU,SAS,female,STU
HG03643,STU,SAS,female,STU
HG03644,STU,SAS,male,STU
HG03645,STU,SAS,female,STU
HG03646,STU,SAS,male,STU
HG03649,PJL,SAS,male,PJL
HG03652,PJL,SAS,male,PJL
HG03653,PJL,SAS,female,PJL
HG03660,PJL,SAS,male,PJL
HG03663,PJL,SAS,male,PJL
HG03667,PJL,SAS,male,PJL
HG03668,PJL,SAS,female,PJL
HG03672,STU,SAS,male,STU
HG03673,STU,SAS,female,STU
HG03679,STU,SAS,male,STU
HG03680,STU,SAS,male,STU
HG03681,STU,SAS,male,STU
HG03684,STU,SAS,female,STU
HG03685,STU,SAS,male,STU
HG03686,STU,SAS,male,STU
HG03687,STU,SAS,male,STU
HG03689,STU,SAS,female,STU
HG03690,STU,SAS,female,STU
HG03691,STU,SAS,male,STU
HG03692,STU,SAS,female,STU
HG03693,STU,SAS,male,STU
HG03694,STU,SAS,male,STU
HG03695,STU,SAS,male,STU
HG03696,STU,SAS,male,STU
HG03697,STU,SAS,male,STU
HG03698,STU,SAS,female,STU
HG03702,PJL,SAS,male,PJL
HG03703,PJL,SAS,female,PJL
HG03705,PJL,SAS,male,PJL
HG03706,PJL,SAS,female,PJL
HG03708,PJL,SAS,male,PJL
HG03709,PJL,SAS,female,PJL
HG03711,STU,SAS,male,STU
HG03713,ITU,SAS,male,IND
HG03714,ITU,SAS,female,IND
HG03716,ITU,SAS,male,IND
HG03717,ITU,SAS,female,IND
HG03718,ITU,SAS,male,IND
HG03720,ITU,SAS,male,IND
HG03722,ITU,SAS,female,IND
HG03727,ITU,SAS,male,IND
HG03729,ITU,SAS,male,IND
HG03730,ITU,SAS,female,IND
HG03731,ITU,SAS,female,IND
HG03733,STU,SAS,female,STU
HG03736,STU,SAS,female,STU
HG03738,STU,SAS,male,STU
HG03740,STU,SAS,male,STU
HG03741,STU,SAS,female,STU
HG03742,ITU,SAS,male,IND
HG03743,STU,SAS,male,STU
HG03744,STU,SAS,male,STU
HG03745,STU,SAS,male,STU
HG03746,STU,SAS,male,STU
HG03750,STU,SAS,male,STU
HG03752,STU,SAS,female,STU
HG03753,STU,SAS,male,STU
HG03754,STU,SAS,female,STU
HG03755,STU,SAS,male,STU
HG03756,STU,SAS,female,STU
HG03757,STU,SAS,female,STU
HG03760,STU,SAS,female,STU
HG03762,PJL,SAS,female,PJL
HG03765,PJL,SAS,female,PJL
HG03767,PJL,SAS,male,PJL
HG03770,ITU,SAS,female,IND
HG03771,ITU,SAS,male,IND
HG03772,ITU,SAS,female,IND
HG03773,ITU,SAS,male,IND
HG03774,ITU,SAS,female,IND
HG03775,ITU,SAS,male,IND
HG03777,ITU,SAS,male,IND
HG03778,ITU,SAS,male,IND
HG03779,ITU,SAS,male,IND
HG03780,ITU,SAS,female,IND
HG03781,ITU,SAS,female,IND
HG03782,ITU,SAS,female,IND
HG03784,ITU,SAS,female,IND
HG03785,ITU,SAS,male,IND
HG03786,ITU,SAS,male,IND
HG03787,ITU,SAS,female,IND
HG03788,ITU,SAS,male,IND
HG03789,ITU,SAS,female,IND
HG03790,ITU,SAS,male,IND
HG03792,ITU,SAS,male,IND
HG03793,BEB,SAS,female,BEB
HG03796,BEB,SAS,female,BEB
HG03800,BEB,SAS,male,BEB
HG03802,BEB,SAS,female,BEB
HG03803,BEB,SAS,male,BEB
HG03805,BEB,SAS,female,BEB
HG03808,BEB,SAS,female,BEB
HG03809,BEB,SAS,male,BEB
HG03812,BEB,SAS,male,BEB
HG03814,BEB,SAS,female,BEB
HG03815,BEB,SAS,male,BEB
HG03817,BEB,SAS,female,BEB
HG03821,BEB,SAS,male,BEB
HG03823,BEB,SAS,female,BEB
HG03824,BEB,SAS,male,BEB
HG03826,BEB,SAS,female,BEB
HG03829,BEB,SAS,female,BEB
HG03830,BEB,SAS,male,BEB
HG03832,BEB,SAS,female,BEB
HG03833,BEB,SAS,male,BEB
HG03836,STU,SAS,female,STU
HG03837,STU,SAS,male,STU
HG03838,STU,SAS,female,STU
HG03844,STU,SAS,male,STU
HG03846,STU,SAS,male,STU
HG03848,STU,SAS,male,STU
HG03849,STU,SAS,female,STU
HG03850,STU,SAS,male,STU
HG03851,STU,SAS,male,STU
HG03854,STU,SAS,male,STU
HG03856,STU,SAS,male,STU
HG03857,STU,SAS,female,STU
HG03858,STU,SAS,female,STU
HG03861,ITU,SAS,female,IND
HG03862,ITU,SAS,female,IND
HG03863,ITU,SAS,female,IND
HG03864,ITU,SAS,male,IND
HG03866,ITU,SAS,male,IND
HG03867,ITU,SAS,male,IND
HG03868,ITU,SAS,female,IND
HG03869,ITU,SAS,male,IND
HG03870,ITU,SAS,male,IND
HG03871,ITU,SAS,male,IND
HG03872,ITU,SAS,male,IND
HG03873,ITU,SAS,female,IND
HG03874,ITU,SAS,female,IND
HG03875,ITU,SAS,male,IND
HG03882,ITU,SAS,female,IND
HG03884,STU,SAS,female,STU
HG03885,STU,SAS,male,STU
HG03886,STU,SAS,female,STU
HG03887,STU,SAS,male,STU
HG03888,STU,SAS,female,STU
HG03890,STU,SAS,male,STU
HG03894,STU,SAS,female,STU
HG03895,STU,SAS,female,STU
HG03896,STU,SAS,male,STU
HG03897,STU,SAS,female,STU
HG03898,STU,SAS,female,STU
HG03899,STU,SAS,male,STU
HG03900,STU,SAS,male,STU
HG03902,BEB,SAS,male,BEB
HG03905,BEB,SAS,male,BEB
HG03907,BEB,SAS,female,BEB
HG03908,BEB,SAS,male,BEB
HG03910,BEB,SAS,female,BEB
HG03911,BEB,SAS,male,BEB
HG03913,BEB,SAS,female,BEB
HG03914,BEB,SAS,male,BEB
HG03916,BEB,SAS,female,BEB
HG03917,BEB,SAS,male,BEB
HG03919,BEB,SAS,female,BEB
HG03920,BEB,SAS,male,BEB
HG03922,BEB,SAS,female,BEB
HG03925,BEB,SAS,female,BEB
HG03926,BEB,SAS,male,BEB
HG03928,BEB,SAS,female,BEB
HG03931,BEB,SAS,female,BEB
HG03934,BEB,SAS,female,BEB
HG03937,BEB,SAS,female,BEB
HG03940,BEB,SAS,female,BEB
HG03941,BEB,SAS,male,BEB
HG03943,STU,SAS,male,STU
HG03944,STU,SAS,female,STU
HG03945,STU,SAS,female,STU
HG03947,STU,SAS,female,STU
HG03949,STU,SAS,female,STU
HG03950,STU,SAS,male,STU
HG03951,STU,SAS,female,STU
HG03953,STU,SAS,male,STU
HG03955,STU,SAS,female,STU
HG03960,ITU,SAS,male,IND
HG03963,ITU,SAS,male,IND
HG03965,ITU,SAS,male,IND
HG03967,ITU,SAS,male,IND
HG03968,ITU,SAS,female,IND
HG03969,ITU,SAS,male,IND
HG03971,ITU,SAS,male,IND
HG03973,ITU,SAS,female,IND
HG03974,ITU,SAS,male,IND
HG03976,ITU,SAS,male,IND
HG03977,ITU,SAS,female,IND
HG03978,ITU,SAS,male,IND
HG03985,STU,SAS,male,STU
HG03986,STU,SAS,female,STU
HG03989,STU,SAS,female,STU
HG03990,STU,SAS,male,STU
HG03991,STU,SAS,male,STU
HG03995,STU,SAS,female,STU
HG03998,STU,SAS,male,STU
HG03999,STU,SAS,male,STU
HG04001,ITU,SAS,female,IND
HG04002,ITU,SAS,male,IND
HG04003,STU,SAS,male,STU
HG04006,STU,SAS,male,STU
HG04014,ITU,SAS,female,IND
HG04015,ITU,SAS,male,IND
HG04017,ITU,SAS,male,IND
HG04018,ITU,SAS,female,IND
HG04019,ITU,SAS,male,IND
HG04020,ITU,SAS,male,IND
HG04022,ITU,SAS,male,IND
HG04023,ITU,SAS,male,IND
HG04025,ITU,SAS,female,IND
HG04026,ITU,SAS,female,IND
HG04029,STU,SAS,female,STU
HG04033,STU,SAS,male,STU
HG04035,STU,SAS,female,STU
HG04038,STU,SAS,female,STU
HG04039,STU,SAS,male,STU
HG04042,STU,SAS,female,STU
HG04047,STU,SAS,female,STU
HG04054,ITU,SAS,female,IND
HG04056,ITU,SAS,male,IND
HG04059,ITU,SAS,female,IND
HG04060,ITU,SAS,male,IND
HG04061,ITU,SAS,male,IND
HG04062,ITU,SAS,female,IND
HG04063,ITU,SAS,female,IND
HG04070,ITU,SAS,female,IND
HG04075,STU,SAS,female,STU
HG04076,ITU,SAS,female,IND
HG04080,ITU,SAS,male,IND
HG04090,ITU,SAS,female,IND
HG04093,ITU,SAS,male,IND
HG04094,ITU,SAS,male,IND
HG04096,ITU,SAS,male,IND
HG04098,ITU,SAS,male,IND
HG04099,STU,SAS,female,STU
HG04100,STU,SAS,male,STU
HG04106,STU,SAS,female,STU
HG04107,STU,SAS,male,STU
HG04118,ITU,SAS,female,IND
HG04131,BEB,SAS,male,BEB
HG04134,BEB,SAS,male,BEB
HG04140,BEB,SAS,male,BEB
HG04141,BEB,SAS,female,BEB
HG04144,BEB,SAS,female,BEB
HG04146,BEB,SAS,male,BEB
HG04152,BEB,SAS,male,BEB
HG04153,BEB,SAS,female,BEB
HG04155,BEB,SAS,male,BEB
HG04156,BEB,SAS,female,BEB
HG04158,BEB,SAS,male,BEB
HG04159,BEB,SAS,female,BEB
HG04161,BEB,SAS,male,BEB
HG04162,BEB,SAS,female,BEB
HG04164,BEB,SAS,male,BEB
HG04171,BEB,SAS,female,BEB
HG04173,BEB,SAS,male,BEB
HG04176,BEB,SAS,male,BEB
HG04177,BEB,SAS,female,BEB
HG04180,BEB,SAS,female,BEB
HG04182,BEB,SAS,male,BEB
HG04183,BEB,SAS,female,BEB
HG04185,BEB,SAS,male,BEB
HG04186,BEB,SAS,female,BEB
HG04188,BEB,SAS,male,BEB
HG04189,BEB,SAS,female,BEB
HG04194,BEB,SAS,male,BEB
HG04195,BEB,SAS,female,BEB
HG04198,ITU,SAS,male,IND
HG04200,ITU,SAS,female,IND
HG04202,ITU,SAS,female,IND
HG04206,ITU,SAS,male,IND
HG04209,ITU,SAS,female,IND
HG04210,STU,SAS,male,STU
HG04211,ITU,SAS,male,IND
HG04212,ITU,SAS,female,IND
HG04214,ITU,SAS,female,IND
HG04216,ITU,SAS,female,IND
HG04219,ITU,SAS,male,IND
HG04222,ITU,SAS,male,IND
HG04225,ITU,SAS,male,IND
HG04227,STU,SAS,female,STU
HG04229,STU,SAS,male,STU
HG04235,ITU,SAS,male,IND
HG04238,ITU,SAS,male,IND
HG04239,ITU,SAS,male,IND
NA06984,CEU,EUR,male,CEU
NA06985,CEU,EUR,female,CEU
NA06986,CEU,EUR,male,CEU
NA06989,CEU,EUR,female,CEU
NA06994,CEU,EUR,male,CEU
NA07000,CEU,EUR,female,CEU
NA07037,CEU,EUR,female,CEU
NA07048,CEU,EUR,male,CEU
NA07051,CEU,EUR,male,CEU
NA07056,CEU,EUR,female,CEU
NA07347,CEU,EUR,male,CEU
NA07357,CEU,EUR,male,CEU
NA10847,CEU,EUR,female,CEU
NA10851,CEU,EUR,male,CEU
NA11829,CEU,EUR,male,CEU
NA11830,CEU,EUR,female,CEU
NA11831,CEU,EUR,male,CEU
NA11832,CEU,EUR,female,CEU
NA11840,CEU,EUR,female,CEU
NA11843,CEU,EUR,male,CEU
NA11881,CEU,EUR,male,CEU
NA11892,CEU,EUR,female,CEU
NA11893,CEU,EUR,male,CEU
NA11894,CEU,EUR,female,CEU
NA11918,CEU,EUR,female,CEU
NA11919,CEU,EUR,male,CEU
NA11920,CEU,EUR,female,CEU
NA11930,CEU,EUR,male,CEU
NA11931,CEU,EUR,female,CEU
NA11932,CEU,EUR,male,CEU
NA11933,CEU,EUR,female,CEU
NA11992,CEU,EUR,male,CEU
NA11994,CEU,EUR,male,CEU
NA11995,CEU,EUR,female,CEU
NA12003,CEU,EUR,male,CEU
NA12004,CEU,EUR,female,CEU
NA12005,CEU,EUR,male,CEU
NA12006,CEU,EUR,female,CEU
NA12043,CEU,EUR,male,CEU
NA12044,CEU,EUR,female,CEU
NA12045,CEU,EUR,male,CEU
NA12046,CEU,EUR,female,CEU
NA12058,CEU,EUR,female,CEU
NA12144,CEU,EUR,male,CEU
NA12154,CEU,EUR,male,CEU
NA12155,CEU,EUR,male,CEU
NA12156,CEU,EUR,female,CEU
NA12234,CEU,EUR,female,CEU
NA12249,CEU,EUR,female,CEU
NA12272,CEU,EUR,male,CEU
NA12273,CEU,EUR,female,CEU
NA12275,CEU,EUR,female,CEU
NA12282,CEU,EUR,male,CEU
NA12283,CEU,EUR,female,CEU
NA12286,CEU,EUR,male,CEU
NA12287,CEU,EUR,female,CEU
NA12340,CEU,EUR,male,CEU
NA12341,CEU,EUR,female,CEU
NA12342,CEU,EUR,male,CEU
NA12347,CEU,EUR,male,CEU
NA12348,CEU,EUR,female,CEU
NA12383,CEU,EUR,female,CEU
NA12399,CEU,EUR,male,CEU
NA12400,CEU,EUR,female,CEU
NA12413,CEU,EUR,male,CEU
NA12414,CEU,EUR,female,CEU
NA12489,CEU,EUR,female,CEU
NA12546,CEU,EUR,male,CEU
NA12716,CEU,EUR,male,CEU
NA12717,CEU,EUR,female,CEU
NA12718,CEU,EUR,female,CEU
NA12748,CEU,EUR,male,CEU
NA12749,CEU,EUR,female,CEU
NA12750,CEU,EUR,male,CEU
NA12751,CEU,EUR,female,CEU
NA12760,CEU,EUR,male,CEU
NA12761,CEU,EUR,female,CEU
NA12762,CEU,EUR,male,CEU
NA12763,CEU,EUR,female,CEU
NA12775,CEU,EUR,male,CEU
NA12776,CEU,EUR,female,CEU
NA12777,CEU,EUR,male,CEU
NA12778,CEU,EUR,female,CEU
NA12812,CEU,EUR,male,CEU
NA12813,CEU,EUR,female,CEU
NA12814,CEU,EUR,male,CEU
NA12815,CEU,EUR,female,CEU
NA12827,CEU,EUR,male,CEU
NA12828,CEU,EUR,female,CEU
NA12829,CEU,EUR,male,CEU
NA12830,CEU,EUR,female,CEU
NA12842,CEU,EUR,male,CEU
NA12843,CEU,EUR,female,CEU
NA12872,CEU,EUR,male,CEU
NA12873,CEU,EUR,female,CEU
NA12874,CEU,EUR,male,CEU
NA12878,CEU,EUR,female,CEU
NA12889,CEU,EUR,male,CEU
NA12890,CEU,EUR,female,CEU
NA18486,YRI,AFR,male,YEN
NA18488,YRI,AFR,female,YEN
NA18489,YRI,AFR,female,YEN
NA18498,YRI,AFR,male,YEN
NA18499,YRI,AFR,female,YEN
NA18501,YRI,AFR,male,YEN
NA18502,YRI,AFR,female,YEN
NA18504,YRI,AFR,male,YEN
NA18505,YRI,AFR,female,YEN
NA18507,YRI,AFR,male,YEN
NA18508,YRI,AFR,female,YEN
NA18510,YRI,AFR,male,YEN
NA18511,YRI,AFR,female,YEN
NA18516,YRI,AFR,male,YEN
NA18517,YRI,AFR,female,YEN
NA18519,YRI,AFR,male,YEN
NA18520,YRI,AFR,female,YEN
NA18522,YRI,AFR,male,YEN
NA18523,YRI,AFR,female,YEN
NA18525,CHB,EAS,female,CHN
NA18526,CHB,EAS,female,CHN
NA18528,CHB,EAS,female,CHN
NA18530,CHB,EAS,male,CHN
NA18531,CHB,EAS,female,CHN
NA18532,CHB,EAS,female,CHN
NA18533,CHB,EAS,female,CHN
NA18534,CHB,EAS,male,CHN
NA18535,CHB,EAS,female,CHN
NA18536,CHB,EAS,male,CHN
NA18537,CHB,EAS,female,CHN
NA18538,CHB,EAS,female,CHN
NA18539,CHB,EAS,female,CHN
NA18541,CHB,EAS,female,CHN
NA18542,CHB,EAS,female,CHN
NA18543,CHB,EAS,male,CHN
NA18544,CHB,EAS,male,CHN
NA18545,CHB,EAS,female,CHN
NA18546,CHB,EAS,male,CHN
NA18547,CHB,EAS,female,CHN
NA18548,CHB,EAS,male,CHN
NA18549,CHB,EAS,male,CHN
NA18550,CHB,EAS,female,CHN
NA18552,CHB,EAS,female,CHN
NA18553,CHB,EAS,female,CHN
NA18555,CHB,EAS,female,CHN
NA18557,CHB,EAS,male,CHN
NA18558,CHB,EAS,male,CHN
NA18559,CHB,EAS,male,CHN
NA18560,CHB,EAS,female,CHN
NA18561,CHB,EAS,male,CHN
NA18562,CHB,EAS,male,CHN
NA18563,CHB,EAS,male,CHN
NA18564,CHB,EAS,female,CHN
NA18565,CHB,EAS,female,CHN
NA18566,CHB,EAS,female,CHN
NA18567,CHB,EAS,female,CHN
NA18570,CHB,EAS,female,CHN
NA18571,CHB,EAS,female,CHN
NA18572,CHB,EAS,male,CHN
NA18573,CHB,EAS,female,CHN
NA18574,CHB,EAS,female,CHN
NA18577,CHB,EAS,female,CHN
NA18579,CHB,EAS,female,CHN
NA18582,CHB,EAS,female,CHN
NA18591,CHB,EAS,female,CHN
NA18592,CHB,EAS,female,CHN
NA18593,CHB,EAS,female,CHN
NA18595,CHB,EAS,female,CHN
NA18596,CHB,EAS,female,CHN
NA18597,CHB,EAS,female,CHN
NA18599,CHB,EAS,female,CHN
NA18602,CHB,EAS,female,CHN
NA18603,CHB,EAS,male,CHN
NA18605,CHB,EAS,male,CHN
NA18606,CHB,EAS,male,CHN
NA18608,CHB,EAS,male,CHN
NA18609,CHB,EAS,male,CHN
NA18610,CHB,EAS,female,CHN
NA18611,CHB,EAS,male,CHN
NA18612,CHB,EAS,male,CHN
NA18613,CHB,EAS,male,CHN
NA18614,CHB,EAS,female,CHN
NA18615,CHB,EAS,female,CHN
NA18616,CHB,EAS,female,CHN
NA18617,CHB,EAS,female,CHN
NA18618,CHB,EAS,female,CHN
NA18619,CHB,EAS,female,CHN
NA18620,CHB,EAS,male,CHN
NA18621,CHB,EAS,male,CHN
NA18622,CHB,EAS,male,CHN
NA18623,CHB,EAS,male,CHN
NA18624,CHB,EAS,male,CHN
NA18625,CHB,EAS,female,CHN
NA18626,CHB,EAS,female,CHN
NA18627,CHB,EAS,female,CHN
NA18628,CHB,EAS,female,CHN
NA18629,CHB,EAS,male,CHN
NA18630,CHB,EAS,female,CHN
NA18631,CHB,EAS,female,CHN
NA18632,CHB,EAS,male,CHN
NA18633,CHB,EAS,male,CHN
NA18634,CHB,EAS,female,CHN
NA18635,CHB,EAS,male,CHN
NA18636,CHB,EAS,male,CHN
NA18637,CHB,EAS,male,CHN
NA18638,CHB,EAS,male,CHN
NA18639,CHB,EAS,male,CHN
NA18640,CHB,EAS,female,CHN
NA18641,CHB,EAS,female,CHN
NA18642,CHB,EAS,female,CHN
NA18643,CHB,EAS,male,CHN
NA18644,CHB,EAS,female,CHN
NA18645,CHB,EAS,male,CHN
NA18646,CHB,EAS,female,CHN
NA18647,CHB,EAS,male,CHN
NA18648,CHB,EAS,male,CHN
NA18740,CHB,EAS,male,CHN
NA18745,CHB,EAS,male,CHN
NA18747,CHB,EAS,male,CHN
NA18748,CHB,EAS,male,CHN
NA18749,CHB,EAS,male,CHN
NA18757,CHB,EAS,male,CHN
NA18853,YRI,AFR,male,YEN
NA18856,YRI,AFR,male,YEN
NA18858,YRI,AFR,female,YEN
NA18861,YRI,AFR,female,YEN
NA18864,YRI,AFR,female,YEN
NA18865,YRI,AFR,male,YEN
NA18867,YRI,AFR,female,YEN
NA18868,YRI,AFR,male,YEN
NA18870,YRI,AFR,female,YEN
NA18871,YRI,AFR,male,YEN
NA18873,YRI,AFR,female,YEN
NA18874,YRI,AFR,male,YEN
NA18876,YRI,AFR,female,YEN
NA18877,YRI,AFR,male,YEN
NA18878,YRI,AFR,female,YEN
NA18879,YRI,AFR,male,YEN
NA18881,YRI,AFR,female,YEN
NA18907,YRI,AFR,female,YEN
NA18908,YRI,AFR,male,YEN
NA18909,YRI,AFR,female,YEN
NA18910,YRI,AFR,male,YEN
NA18912,YRI,AFR,female,YEN
NA18915,YRI,AFR,male,YEN
NA18916,YRI,AFR,female,YEN
NA18917,YRI,AFR,male,YEN
NA18923,YRI,AFR,male,YEN
NA18924,YRI,AFR,female,YEN
NA18933,YRI,AFR,female,YEN
NA18934,YRI,AFR,male,YEN
NA18939,JPT,EAS,female,JPT
NA18940,JPT,EAS,male,JPT
NA18941,JPT,EAS,female,JPT
NA18942,JPT,EAS,female,JPT
NA18943,JPT,EAS,male,JPT
NA18944,JPT,EAS,male,JPT
NA18945,JPT,EAS,male,JPT
NA18946,JPT,EAS,female,JPT
NA18947,JPT,EAS,female,JPT
NA18948,JPT,EAS,male,JPT
NA18949,JPT,EAS,female,JPT
NA18950,JPT,EAS,female,JPT
NA18951,JPT,EAS,female,JPT
NA18952,JPT,EAS,male,JPT
NA18953,JPT,EAS,male,JPT
NA18954,JPT,EAS,female,JPT
NA18956,JPT,EAS,female,JPT
NA18957,JPT,EAS,female,JPT
NA18959,JPT,EAS,male,JPT
NA18960,JPT,EAS,male,JPT
NA18961,JPT,EAS,male,JPT
NA18962,JPT,EAS,male,JPT
NA18963,JPT,EAS,female,JPT
NA18964,JPT,EAS,female,JPT
NA18965,JPT,EAS,male,JPT
NA18966,JPT,EAS,male,JPT
NA18967,JPT,EAS,male,JPT
NA18968,JPT,EAS,female,JPT
NA18969,JPT,EAS,female,JPT
NA18970,JPT,EAS,male,JPT
NA18971,JPT,EAS,male,JPT
NA18972,JPT,EAS,female,JPT
NA18973,JPT,EAS,female,JPT
NA18974,JPT,EAS,male,JPT
NA18975,JPT,EAS,female,JPT
NA18976,JPT,EAS,female,JPT
NA18977,JPT,EAS,male,JPT
NA18978,JPT,EAS,female,JPT
NA18979,JPT,EAS,female,JPT
NA18980,JPT,EAS,female,JPT
NA18981,JPT,EAS,female,JPT
NA18982,JPT,EAS,male,JPT
NA18983,JPT,EAS,male,JPT
NA18984,JPT,EAS,male,JPT
NA18985,JPT,EAS,male,JPT
NA18986,JPT,EAS,male,JPT
NA18987,JPT,EAS,female,JPT
NA18988,JPT,EAS,male,JPT
NA18989,JPT,EAS,male,JPT
NA18990,JPT,EAS,male,JPT
NA18991,JPT,EAS,female,JPT
NA18992,JPT,EAS,female,JPT
NA18993,JPT,EAS,female,JPT
NA18994,JPT,EAS,male,JPT
NA18995,JPT,EAS,male,JPT
NA18997,JPT,EAS,female,JPT
NA18998,JPT,EAS,female,JPT
NA18999,JPT,EAS,female,JPT
NA19000,JPT,EAS,male,JPT
NA19001,JPT,EAS,female,JPT
NA19002,JPT,EAS,female,JPT
NA19003,JPT,EAS,female,JPT
NA19004,JPT,EAS,male,JPT
NA19005,JPT,EAS,male,JPT
NA19006,JPT,EAS,male,JPT
NA19007,JPT,EAS,male,JPT
NA19009,JPT,EAS,male,JPT
NA19010,JPT,EAS,female,JPT
NA19011,JPT,EAS,female,JPT
NA19012,JPT,EAS,male,JPT
NA19017,LWK,AFR,female,LWK
NA19019,LWK,AFR,female,LWK
NA19020,LWK,AFR,male,LWK
NA19023,LWK,AFR,female,LWK
NA19024,LWK,AFR,female,LWK
NA19025,LWK,AFR,male,LWK
NA19026,LWK,AFR,male,LWK
NA19027,LWK,AFR,male,LWK
NA19028,LWK,AFR,male,LWK
NA19030,LWK,AFR,female,LWK
NA19031,LWK,AFR,male,LWK
NA19035,LWK,AFR,male,LWK
NA19036,LWK,AFR,female,LWK
NA19037,LWK,AFR,female,LWK
NA19038,LWK,AFR,female,LWK
NA19041,LWK,AFR,male,LWK
NA19042,LWK,AFR,female,LWK
NA19043,LWK,AFR,male,LWK
NA19054,JPT,EAS,female,JPT
NA19055,JPT,EAS,male,JPT
NA19056,JPT,EAS,male,JPT
NA19057,JPT,EAS,female,JPT
NA19058,JPT,EAS,male,JPT
NA19059,JPT,EAS,female,JPT
NA19060,JPT,EAS,male,JPT
NA19062,JPT,EAS,male,JPT
NA19063,JPT,EAS,male,JPT
NA19064,JPT,EAS,female,JPT
NA19065,JPT,EAS,female,JPT
NA19066,JPT,EAS,male,JPT
NA19067,JPT,EAS,male,JPT
NA19068,JPT,EAS,male,JPT
NA19070,JPT,EAS,male,JPT
NA19072,JPT,EAS,male,JPT
NA19074,JPT,EAS,female,JPT
NA19075,JPT,EAS,male,JPT
NA19076,JPT,EAS,male,JPT
NA19077,JPT,EAS,female,JPT
NA19078,JPT,EAS,female,JPT
NA19079,JPT,EAS,male,JPT
NA19080,JPT,EAS,female,JPT
NA19081,JPT,EAS,female,JPT
NA19082,JPT,EAS,male,JPT
NA19083,JPT,EAS,male,JPT
NA19084,JPT,EAS,female,JPT
NA19085,JPT,EAS,male,JPT
NA19086,JPT,EAS,male,JPT
NA19087,JPT,EAS,female,JPT
NA19088,JPT,EAS,male,JPT
NA19089,JPT,EAS,male,JPT
NA19090,JPT,EAS,female,JPT
NA19091,JPT,EAS,male,JPT
NA19092,YRI,AFR,male,YEN
NA19093,YRI,AFR,female,YEN
NA19095,YRI,AFR,female,YEN
NA19096,YRI,AFR,male,YEN
NA19098,YRI,AFR,male,YEN
NA19099,YRI,AFR,female,YEN
NA19102,YRI,AFR,female,YEN
NA19107,YRI,AFR,male,YEN
NA19108,YRI,AFR,female,YEN
NA19113,YRI,AFR,male,YEN
NA19114,YRI,AFR,female,YEN
NA19116,YRI,AFR,female,YEN
NA19117,YRI,AFR,male,YEN
NA19118,YRI,AFR,female,YEN
NA19119,YRI,AFR,male,YEN
NA19121,YRI,AFR,male,YEN
NA19129,YRI,AFR,female,YEN
NA19130,YRI,AFR,male,YEN
NA19131,YRI,AFR,female,YEN
NA19137,YRI,AFR,female,YEN
NA19138,YRI,AFR,male,YEN
NA19141,YRI,AFR,male,YEN
NA19143,YRI,AFR,female,YEN
NA19144,YRI,AFR,male,YEN
NA19146,YRI,AFR,male,YEN
NA19147,YRI,AFR,female,YEN
NA19149,YRI,AFR,female,YEN
NA19152,YRI,AFR,female,YEN
NA19153,YRI,AFR,male,YEN
NA19159,YRI,AFR,female,YEN
NA19160,YRI,AFR,male,YEN
NA19171,YRI,AFR,male,YEN
NA19172,YRI,AFR,female,YEN
NA19175,YRI,AFR,male,YEN
NA19184,YRI,AFR,male,YEN
NA19185,YRI,AFR,female,YEN
NA19189,YRI,AFR,male,YEN
NA19190,YRI,AFR,female,YEN
NA19197,YRI,AFR,female,YEN
NA19198,YRI,AFR,male,YEN
NA19200,YRI,AFR,male,YEN
NA19201,YRI,AFR,female,YEN
NA19204,YRI,AFR,female,YEN
NA19206,YRI,AFR,female,YEN
NA19207,YRI,AFR,male,YEN
NA19209,YRI,AFR,female,YEN
NA19210,YRI,AFR,male,YEN
NA19213,YRI,AFR,male,YEN
NA19214,YRI,AFR,female,YEN
NA19222,YRI,AFR,female,YEN
NA19223,YRI,AFR,male,YEN
NA19225,YRI,AFR,female,YEN
NA19235,YRI,AFR,female,YEN
NA19236,YRI,AFR,male,YEN
NA19238,YRI,AFR,female,YEN
NA19239,YRI,AFR,male,YEN
NA19247,YRI,AFR,female,YEN
NA19248,YRI,AFR,male,YEN
NA19256,YRI,AFR,male,YEN
NA19257,YRI,AFR,female,YEN
NA19307,LWK,AFR,male,LWK
NA19308,LWK,AFR,male,LWK
NA19309,LWK,AFR,male,LWK
NA19310,LWK,AFR,female,LWK
NA19312,LWK,AFR,male,LWK
NA19314,LWK,AFR,female,LWK
NA19315,LWK,AFR,female,LWK
NA19316,LWK,AFR,female,LWK
NA19317,LWK,AFR,male,LWK
NA19318,LWK,AFR,male,LWK
NA19319,LWK,AFR,male,LWK
NA19320,LWK,AFR,female,LWK
NA19321,LWK,AFR,female,LWK
NA19323,LWK,AFR,female,LWK
NA19324,LWK,AFR,female,LWK
NA19327,LWK,AFR,female,LWK
NA19328,LWK,AFR,female,LWK
NA19331,LWK,AFR,male,LWK
NA19332,LWK,AFR,female,LWK
NA19334,LWK,AFR,male,LWK
NA19338,LWK,AFR,female,LWK
NA19346,LWK,AFR,male,LWK
NA19347,LWK,AFR,male,LWK
NA19350,LWK,AFR,male,LWK
NA19351,LWK,AFR,female,LWK
NA19355,LWK,AFR,female,LWK
NA19360,LWK,AFR,male,LWK
NA19372,LWK,AFR,male,LWK
NA19374,LWK,AFR,male,LWK
NA19375,LWK,AFR,male,LWK
NA19376,LWK,AFR,male,LWK
NA19377,LWK,AFR,female,LWK
NA19378,LWK,AFR,female,LWK
NA19379,LWK,AFR,female,LWK
NA19380,LWK,AFR,male,LWK
NA19383,LWK,AFR,male,LWK
NA19384,LWK,AFR,male,LWK
NA19385,LWK,AFR,male,LWK
NA19390,LWK,AFR,female,LWK
NA19391,LWK,AFR,female,LWK
NA19393,LWK,AFR,male,LWK
NA19394,LWK,AFR,male,LWK
NA19395,LWK,AFR,female,LWK
NA19397,LWK,AFR,male,LWK
NA19399,LWK,AFR,female,LWK
NA19401,LWK,AFR,female,LWK
NA19403,LWK,AFR,female,LWK
NA19404,LWK,AFR,female,LWK
NA19428,LWK,AFR,male,LWK
NA19429,LWK,AFR,male,LWK
NA19430,LWK,AFR,male,LWK
NA19431,LWK,AFR,female,LWK
NA19434,LWK,AFR,female,LWK
NA19435,LWK,AFR,female,LWK
NA19436,LWK,AFR,female,LWK
NA19437,LWK,AFR,female,LWK
NA19438,LWK,AFR,female,LWK
NA19439,LWK,AFR,female,LWK
NA19440,LWK,AFR,female,LWK
NA19443,LWK,AFR,male,LWK
NA19445,LWK,AFR,female,LWK
NA19446,LWK,AFR,female,LWK
NA19448,LWK,AFR,male,LWK
NA19449,LWK,AFR,female,LWK
NA19451,LWK,AFR,male,LWK
NA19452,LWK,AFR,male,LWK
NA19454,LWK,AFR,male,LWK
NA19455,LWK,AFR,male,LWK
NA19456,LWK,AFR,female,LWK
NA19457,LWK,AFR,female,LWK
NA19461,LWK,AFR,male,LWK
NA19462,LWK,AFR,female,LWK
NA19463,LWK,AFR,female,LWK
NA19466,LWK,AFR,male,LWK
NA19467,LWK,AFR,female,LWK
NA19468,LWK,AFR,female,LWK
NA19471,LWK,AFR,female,LWK
NA19472,LWK,AFR,female,LWK
NA19473,LWK,AFR,female,LWK
NA19474,LWK,AFR,female,LWK
NA19475,LWK,AFR,female,LWK
NA19625,ASW,AFR,female,NA
NA19648,MXL,AMR,female,MXL
NA19649,MXL,AMR,male,MXL
NA19651,MXL,AMR,female,MXL
NA19652,MXL,AMR,male,MXL
NA19654,MXL,AMR,female,MXL
NA19655,MXL,AMR,male,MXL
NA19657,MXL,AMR,female,MXL
NA19658,MXL,AMR,male,MXL
NA19661,MXL,AMR,male,MXL
NA19663,MXL,AMR,female,MXL
NA19664,MXL,AMR,male,MXL
NA19669,MXL,AMR,female,MXL
NA19670,MXL,AMR,male,MXL
NA19676,MXL,AMR,male,MXL
NA19678,MXL,AMR,female,MXL
NA19679,MXL,AMR,male,MXL
NA19681,MXL,AMR,female,MXL
NA19682,MXL,AMR,male,MXL
NA19684,MXL,AMR,female,MXL
NA19700,ASW,AFR,male,NA
NA19701,ASW,AFR,female,NA
NA19703,ASW,AFR,male,NA
NA19704,ASW,AFR,female,NA
NA19707,ASW,AFR,female,NA
NA19711,ASW,AFR,male,NA
NA19712,ASW,AFR,female,NA
NA19713,ASW,AFR,female,NA
NA19716,MXL,AMR,female,MXL
NA19717,MXL,AMR,male,MXL
NA19719,MXL,AMR,female,MXL
NA19720,MXL,AMR,male,MXL
NA19722,MXL,AMR,female,MXL
NA19723,MXL,AMR,male,MXL
NA19725,MXL,AMR,female,MXL
NA19726,MXL,AMR,male,MXL
NA19728,MXL,AMR,female,MXL
NA19729,MXL,AMR,male,MXL
NA19731,MXL,AMR,female,MXL
NA19732,MXL,AMR,male,MXL
NA19734,MXL,AMR,female,MXL
NA19735,MXL,AMR,male,MXL
NA19740,MXL,AMR,female,MXL
NA19741,MXL,AMR,male,MXL
NA19746,MXL,AMR,female,MXL
NA19747,MXL,AMR,male,MXL
NA19749,MXL,AMR,female,MXL
NA19750,MXL,AMR,male,MXL
NA19752,MXL,AMR,female,MXL
NA19755,MXL,AMR,female,MXL
NA19756,MXL,AMR,male,MXL
NA19758,MXL,AMR,female,MXL
NA19759,MXL,AMR,male,MXL
NA19761,MXL,AMR,female,MXL
NA19762,MXL,AMR,male,MXL
NA19764,MXL,AMR,female,MXL
NA19770,MXL,AMR,female,MXL
NA19771,MXL,AMR,male,MXL
NA19773,MXL,AMR,female,MXL
NA19774,MXL,AMR,male,MXL
NA19776,MXL,AMR,female,MXL
NA19777,MXL,AMR,male,MXL
NA19779,MXL,AMR,female,MXL
NA19780,MXL,AMR,male,MXL
NA19782,MXL,AMR,female,MXL
NA19783,MXL,AMR,male,MXL
NA19785,MXL,AMR,female,MXL
NA19786,MXL,AMR,male,MXL
NA19788,MXL,AMR,female,MXL
NA19789,MXL,AMR,male,MXL
NA19792,MXL,AMR,male,MXL
NA19794,MXL,AMR,female,MXL
NA19795,MXL,AMR,male,MXL
NA19818,ASW,AFR,male,NA
NA19819,ASW,AFR,female,NA
NA19834,ASW,AFR,male,NA
NA19835,ASW,AFR,female,NA
NA19900,ASW,AFR,male,NA
NA19901,ASW,AFR,female,NA
NA19904,ASW,AFR,male,NA
NA19908,ASW,AFR,male,NA
NA19909,ASW,AFR,female,NA
NA19913,ASW,AFR,female,NA
NA19914,ASW,AFR,female,NA
NA19916,ASW,AFR,male,NA
NA19917,ASW,AFR,female,NA
NA19920,ASW,AFR,male,NA
NA19921,ASW,AFR,female,NA
NA19922,ASW,AFR,male,NA
NA19923,ASW,AFR,female,NA
NA19982,ASW,AFR,male,NA
NA19984,ASW,AFR,male,NA
NA20126,ASW,AFR,male,NA
NA20127,ASW,AFR,female,NA
NA20274,ASW,AFR,female,NA
NA20276,ASW,AFR,female,NA
NA20278,ASW,AFR,male,NA
NA20281,ASW,AFR,male,NA
NA20282,ASW,AFR,female,NA
NA20287,ASW,AFR,female,NA
NA20289,ASW,AFR,female,NA
NA20291,ASW,AFR,male,NA
NA20294,ASW,AFR,female,NA
NA20296,ASW,AFR,female,NA
NA20298,ASW,AFR,male,NA
NA20299,ASW,AFR,female,NA
NA20314,ASW,AFR,female,NA
NA20317,ASW,AFR,female,NA
NA20318,ASW,AFR,male,NA
NA20320,ASW,AFR,female,NA
NA20321,ASW,AFR,female,NA
NA20332,ASW,AFR,female,NA
NA20334,ASW,AFR,female,NA
NA20339,ASW,AFR,female,NA
NA20340,ASW,AFR,male,NA
NA20342,ASW,AFR,male,NA
NA20346,ASW,AFR,male,NA
NA20348,ASW,AFR,male,NA
NA20351,ASW,AFR,male,NA
NA20355,ASW,AFR,female,NA
NA20356,ASW,AFR,male,NA
NA20357,ASW,AFR,female,NA
NA20359,ASW,AFR,female,NA
NA20362,ASW,AFR,male,NA
NA20412,ASW,AFR,female,NA
NA20502,TSI,EUR,female,TSI
NA20503,TSI,EUR,female,TSI
NA20504,TSI,EUR,female,TSI
NA20505,TSI,EUR,female,TSI
NA20506,TSI,EUR,female,TSI
NA20507,TSI,EUR,female,TSI
NA20508,TSI,EUR,female,TSI
NA20509,TSI,EUR,male,TSI
NA20510,TSI,EUR,male,TSI
NA20511,TSI,EUR,male,TSI
NA20512,TSI,EUR,male,TSI
NA20513,TSI,EUR,male,TSI
NA20514,TSI,EUR,female,TSI
NA20515,TSI,EUR,male,TSI
NA20516,TSI,EUR,male,TSI
NA20517,TSI,EUR,female,TSI
NA20518,TSI,EUR,male,TSI
NA20519,TSI,EUR,male,TSI
NA20520,TSI,EUR,male,TSI
NA20521,TSI,EUR,male,TSI
NA20522,TSI,EUR,female,TSI
NA20524,TSI,EUR,male,TSI
NA20525,TSI,EUR,male,TSI
NA20527,TSI,EUR,male,TSI
NA20528,TSI,EUR,male,TSI
NA20529,TSI,EUR,female,TSI
NA20530,TSI,EUR,female,TSI
NA20531,TSI,EUR,female,TSI
NA20532,TSI,EUR,male,TSI
NA20533,TSI,EUR,female,TSI
NA20534,TSI,EUR,male,TSI
NA20535,TSI,EUR,female,TSI
NA20536,TSI,EUR,male,TSI
NA20538,TSI,EUR,male,TSI
NA20539,TSI,EUR,male,TSI
NA20540,TSI,EUR,female,TSI
NA20541,TSI,EUR,female,TSI
NA20542,TSI,EUR,female,TSI
NA20543,TSI,EUR,male,TSI
NA20544,TSI,EUR,male,TSI
NA20581,TSI,EUR,male,TSI
NA20582,TSI,EUR,female,TSI
NA20585,TSI,EUR,female,TSI
NA20586,TSI,EUR,male,TSI
NA20587,TSI,EUR,female,TSI
NA20588,TSI,EUR,male,TSI
NA20589,TSI,EUR,female,TSI
NA20752,TSI,EUR,male,TSI
NA20753,TSI,EUR,female,TSI
NA20754,TSI,EUR,male,TSI
NA20755,TSI,EUR,male,TSI
NA20756,TSI,EUR,female,TSI
NA20757,TSI,EUR,female,TSI
NA20758,TSI,EUR,male,TSI
NA20759,TSI,EUR,male,TSI
NA20760,TSI,EUR,female,TSI
NA20761,TSI,EUR,female,TSI
NA20762,TSI,EUR,male,TSI
NA20763,TSI,EUR,male,TSI
NA20764,TSI,EUR,female,TSI
NA20765,TSI,EUR,male,TSI
NA20766,TSI,EUR,female,TSI
NA20767,TSI,EUR,male,TSI
NA20768,TSI,EUR,female,TSI
NA20769,TSI,EUR,female,TSI
NA20770,TSI,EUR,male,TSI
NA20771,TSI,EUR,female,TSI
NA20772,TSI,EUR,female,TSI
NA20773,TSI,EUR,female,TSI
NA20774,TSI,EUR,female,TSI
NA20775,TSI,EUR,female,TSI
NA20778,TSI,EUR,male,TSI
NA20783,TSI,EUR,male,TSI
NA20785,TSI,EUR,male,TSI
NA20786,TSI,EUR,female,TSI
NA20787,TSI,EUR,male,TSI
NA20790,TSI,EUR,female,TSI
NA20792,TSI,EUR,male,TSI
NA20795,TSI,EUR,female,TSI
NA20796,TSI,EUR,male,TSI
NA20797,TSI,EUR,female,TSI
NA20798,TSI,EUR,male,TSI
NA20799,TSI,EUR,female,TSI
NA20800,TSI,EUR,female,TSI
NA20801,TSI,EUR,male,TSI
NA20802,TSI,EUR,female,TSI
NA20803,TSI,EUR,male,TSI
NA20804,TSI,EUR,female,TSI
NA20805,TSI,EUR,male,TSI
NA20806,TSI,EUR,male,TSI
NA20807,TSI,EUR,female,TSI
NA20808,TSI,EUR,female,TSI
NA20809,TSI,EUR,male,TSI
NA20810,TSI,EUR,male,TSI
NA20811,TSI,EUR,male,TSI
NA20812,TSI,EUR,male,TSI
NA20813,TSI,EUR,female,TSI
NA20814,TSI,EUR,male,TSI
NA20815,TSI,EUR,male,TSI
NA20818,TSI,EUR,female,TSI
NA20819,TSI,EUR,female,TSI
NA20821,TSI,EUR,female,TSI
NA20822,TSI,EUR,female,TSI
NA20826,TSI,EUR,female,TSI
NA20827,TSI,EUR,male,TSI
NA20828,TSI,EUR,female,TSI
NA20832,TSI,EUR,female,TSI
NA20845,GIH,SAS,male,IND
NA20846,GIH,SAS,male,IND
NA20847,GIH,SAS,female,IND
NA20849,GIH,SAS,female,IND
NA20850,GIH,SAS,male,IND
NA20851,GIH,SAS,female,IND
NA20852,GIH,SAS,male,IND
NA20853,GIH,SAS,female,IND
NA20854,GIH,SAS,female,IND
NA20856,GIH,SAS,female,IND
NA20858,GIH,SAS,male,IND
NA20859,GIH,SAS,female,IND
NA20861,GIH,SAS,male,IND
NA20862,GIH,SAS,female,IND
NA20863,GIH,SAS,male,IND
NA20864,GIH,SAS,male,IND
NA20866,GIH,SAS,male,IND
NA20867,GIH,SAS,male,IND
NA20868,GIH,SAS,female,IND
NA20869,GIH,SAS,female,IND
NA20870,GIH,SAS,male,IND
NA20872,GIH,SAS,female,IND
NA20874,GIH,SAS,female,IND
NA20875,GIH,SAS,female,IND
NA20876,GIH,SAS,female,IND
NA20877,GIH,SAS,female,IND
NA20878,GIH,SAS,female,IND
NA20881,GIH,SAS,female,IND
NA20882,GIH,SAS,female,IND
NA20884,GIH,SAS,male,IND
NA20885,GIH,SAS,male,IND
NA20886,GIH,SAS,female,IND
NA20887,GIH,SAS,male,IND
NA20888,GIH,SAS,female,IND
NA20889,GIH,SAS,male,IND
NA20890,GIH,SAS,male,IND
NA20891,GIH,SAS,male,IND
NA20892,GIH,SAS,female,IND
NA20894,GIH,SAS,female,IND
NA20895,GIH,SAS,male,IND
NA20896,GIH,SAS,female,IND
NA20897,GIH,SAS,male,IND
NA20899,GIH,SAS,female,IND
NA20900,GIH,SAS,female,IND
NA20901,GIH,SAS,male,IND
NA20902,GIH,SAS,female,IND
NA20903,GIH,SAS,male,IND
NA20904,GIH,SAS,male,IND
NA20905,GIH,SAS,male,IND
NA20906,GIH,SAS,female,IND
NA20908,GIH,SAS,female,IND
NA20910,GIH,SAS,female,IND
NA20911,GIH,SAS,male,IND
NA21086,GIH,SAS,female,IND
NA21087,GIH,SAS,male,IND
NA21088,GIH,SAS,female,IND
NA21089,GIH,SAS,female,IND
NA21090,GIH,SAS,male,IND
NA21091,GIH,SAS,male,IND
NA21092,GIH,SAS,male,IND
NA21093,GIH,SAS,male,IND
NA21094,GIH,SAS,male,IND
NA21095,GIH,SAS,male,IND
NA21097,GIH,SAS,female,IND
NA21098,GIH,SAS,male,IND
NA21099,GIH,SAS,male,IND
NA21100,GIH,SAS,male,IND
NA21101,GIH,SAS,female,IND
NA21102,GIH,SAS,female,IND
NA21103,GIH,SAS,female,IND
NA21104,GIH,SAS,male,IND
NA21105,GIH,SAS,male,IND
NA21106,GIH,SAS,female,IND
NA21107,GIH,SAS,male,IND
NA21108,GIH,SAS,female,IND
NA21109,GIH,SAS,male,IND
NA21110,GIH,SAS,female,IND
NA21111,GIH,SAS,male,IND
NA21112,GIH,SAS,male,IND
NA21113,GIH,SAS,male,IND
NA21114,GIH,SAS,male,IND
NA21115,GIH,SAS,male,IND
NA21116,GIH,SAS,male,IND
NA21117,GIH,SAS,male,IND
NA21118,GIH,SAS,male,IND
NA21119,GIH,SAS,male,IND
NA21120,GIH,SAS,female,IND
NA21122,GIH,SAS,female,IND
NA21123,GIH,SAS,male,IND
NA21124,GIH,SAS,male,IND
NA21125,GIH,SAS,female,IND
NA21126,GIH,SAS,male,IND
NA21127,GIH,SAS,male,IND
NA21128,GIH,SAS,male,IND
NA21129,GIH,SAS,male,IND
NA21130,GIH,SAS,male,IND
NA21133,GIH,SAS,male,IND
NA21135,GIH,SAS,male,IND
NA21137,GIH,SAS,female,IND
NA21141,GIH,SAS,female,IND
NA21142,GIH,SAS,female,IND
NA21143,GIH,SAS,female,IND
NA21144,GIH,SAS,female,IND
